:040000000DEF00F010
:04000800F7EF3AF0E4
:10001800FF00E2EF45F040C5D9F441C5DAF4DEC48B
:10002800F6F4DDC4F7F4F86A0800F550250AD8A4F8
:1000380020EF00F022EF00F023EF09F040C5D9F4DB
:1000480041C5DAF4DE2A000EDD220601596B000EE6
:10005800586F58C6FEF5586859680501936B70EFDC
:1000680000F0FE8140C5D9F441C5DAF4DE2A000E5D
:10007800DD2270EF00F0FE8336EF00F0FE8536EFEC
:1000880000F0FE8736EF00F0FE8936EF00F0010E33
:10009800936F70EF00F040C5D9F441C5DAF4DEC4BF
:1000A800F6F4DDC4F7F4F86A0800F550200AD8B46D
:1000B80045EF00F0030AD8B448EF00F0080AD8B4B6
:1000C80042EF00F0060AD8B435EF00F01D0AD8B4A4
:1000D8003FEF00F04BEF00F09351D8B476EF00F00B
:1000E80078EF00F04FEF00F0FEA17DEF00F07FEF1A
:1000F80000F080EF00F0FE9340C507F541C508F514
:1001080042C509F543C50AF594EC3AF007C558F617
:1001180008C559F6060159BF96EF00F094EF00F0B4
:100128009DEF00F00501FE810601586D591FD8B0FA
:10013800592B40C5D9F441C5DAF4DEC4F6F4DDC460
:10014800F7F4F86A0800F5502E0AD8A4AEEF00F0CC
:10015800B0EF00F0C5EF00F040C5D9F441C5DAF4BE
:10016800DE2A000EDD2240C507F541C508F542C567
:1001780009F543C50AF594EC3AF007C558F508C5E2
:1001880059F540C5D9F441C5DAF4DEC4F6F4DDC446
:10019800F7F4F86A0800F550630AD8A4D6EF00F01F
:1001A800D8EF00F000EF01F040C5D9F441C5DAF40A
:1001B800DE2A000EDD2242C5D9F443C5DAF4DFC4D5
:1001C80044F5020EDE26DFC445F5000EDD2244C5E7
:1001D800D9F445C5DAF4DF500501946F3EC510F532
:1001E8003FC511F594C512F5CBEC37F010C53EF5B7
:1001F80011C53FF53FEF09F040C5D9F441C5DAF420
:10020800DEC49DF5DDC49EF59DC5F6F49EC5F7F4E4
:10021800F86A0800F5C494F545EF01F09D4B9E2B54
:100228009DC5F6F49EC5F7F4F86A0800F550680A0B
:10023800D8A421EF01F023EF01F079EF01F0480E87
:10024800946F9D4B9E2B79EF01F09D4B9E2B9DC586
:10025800F6F49EC5F7F4F86A0800F5506C0AD8A4BD
:1002680038EF01F03AEF01F079EF01F04C0E946F9E
:1002780025EF01F0690E946F79EF01F0946B79EF37
:1002880001F005019451580AD8B43EEF01F03C0A38
:10029800D8B43EEF01F00C0AD8B412EF01F0010A0D
:1002A800D8B43EEF01F0030AD8B425EF01F0060AEE
:1002B800D8B429EF01F0020AD8B43EEF01F0010AE0
:1002C800D8B43EEF01F01B0AD8B425EF01F0010ABB
:1002D800D8B43EEF01F00D0AD8B43EEF01F0020A9F
:1002E800D8B425EF01F042EF01F09DC5F6F49EC5A4
:1002F800F7F4F86A0800F550640AD8B486EF01F0FC
:1003080088EF01F0D3EF02F09DC5F6F49EC5F7F42F
:10031800F86A0800F550690AD8A495EF01F097EF3C
:1003280001F020EF03F0D3EF02F042C5D9F443C542
:10033800DAF4DFC444F5020EDE26DFC445F5000E0C
:10034800DD2244C5D9F445C5DAF4DEC495F5DDC42B
:1003580096F5000E96BFFF0E976F986F996F9A6F7C
:100368009B6F9C6FF6EF02F042C5D9F443C5DAF4EF
:10037800DFC444F5020EDE26DFC445F5000EDD229B
:1003880044C5D9F445C5DAF4DEC495F5DDC496F55F
:10039800000E96BFFF0E976F986F996F9A6F9B6FBD
:1003A8009C6FF6EF02F042C5D9F443C5DAF4DFC416
:1003B80044F5020EDE26DFC445F5000EDD2244C5F5
:1003C800D9F445C5DAF4DF50956F000E95BFFF0EDE
:1003D800966F976F986F996F9A6F9B6F9C6FF6EFF8
:1003E80002F042C5D9F443C5DAF4DFC444F5040E7B
:1003F800DE26DFC445F5000EDD2244C5D9F445C527
:10040800DAF4DEC446F5DEC447F5DEC448F5DEC4DA
:1004180049F546C54AF547C54BF548C54CF549C5A4
:100428004DF54E6A4DBE4E684EC54FF54EC550F55A
:100438004EC551F54AC595F54BC596F54CC597F58A
:100448004DC598F54EC599F54FC59AF550C59BF51C
:1004580051C59CF5F6EF02F042C5D9F443C5DAF46C
:10046800DFC444F5080EDE26DFC445F5000EDD22A4
:1004780044C5D9F445C5DAF4DEC446F5DEC447F50B
:10048800DEC448F5DEC449F5DEC44AF5DEC44BF5E2
:10049800DEC44CF5DEC44DF546C595F547C596F561
:1004A80048C597F549C598F54AC599F54BC59AF5D4
:1004B8004CC59BF54DC59CF5F6EF02F042C5D9F445
:1004C80043C5DAF4DFC444F5020EDE26DFC445F581
:1004D800000EDD2244C5D9F445C5DAF4DEC495F52D
:1004E800DDC496F5000E96BFFF0E976F986F996F53
:1004F8009A6F9B6F9C6FF6EF02F042C5D9F443C523
:10050800DAF4DFC444F5080EDE26DFC445F5000E34
:10051800DD2244C5D9F445C5DAF4DEC446F5DEC4A7
:1005280047F5DEC448F5DEC449F5DEC44AF5DEC445
:100538004BF5DEC44CF5DEC44DF546C595F547C50B
:1005480096F548C597F549C598F54AC599F54BC537
:100558009AF54CC59BF54DC59CF5F6EF02F042C5E2
:10056800D9F443C5DAF4DFC444F5020EDE26DFC44D
:1005780045F5000EDD2244C5D9F445C5DAF4DEC4DC
:1005880046F5DDC447F546C595F547C596F5976B1D
:10059800986B996B9A6B9B6B9C6BF6EF02F094517E
:1005A800480AD8B4D7EF01F0040AD8B430EF02F003
:1005B800240AD8B4B8EF01F0010AD8B499EF01F0D1
:1005C800030AD8B481EF02F0060AD8B4F5EF01F0B7
:1005D800180AD8B462EF02F00E0AD8B4B3EF02F0EA
:1005E800F6EF02F0010E9D25446E000E9E21456E29
:1005F80040C5D9F441C5DAF444C5DEF445C5DDF497
:100608003EC521F53FC522F595C523F596C524F5C8
:1006180097C525F598C526F599C527F59AC528F5EE
:100628009BC529F59CC52AF5F0EC26F021C53EF5B9
:1006380022C53FF53FEF09F09DC5F6F49EC5F7F4D6
:10064800F86A0800F550780AD8B42DEF03F02FEFB8
:1006580003F084EF04F09DC5F6F49EC5F7F4F86A3C
:100668000800F550580AD8B43CEF03F03EEF03F009
:1006780084EF04F09DC5F6F49EC5F7F4F86A080007
:10068800F5506F0AD8B44BEF03F04DEF03F084EF49
:1006980004F09DC5F6F49EC5F7F4F86A0800F55015
:1006A800750AD8A45AEF03F05CEF03F02CEF05F0BD
:1006B80084EF04F042C5D9F443C5DAF4DFC444F545
:1006C800020EDE26DFC445F5000EDD2244C5D9F44E
:1006D80045C5DAF4DEC446F5DDC447F546C595F5EB
:1006E80047C596F5976B986B996B9A6B9B6B9C6B50
:1006F800A7EF04F042C5D9F443C5DAF4DFC444F5E2
:10070800020EDE26DFC445F5000EDD2244C5D9F40D
:1007180045C5DAF4DEC446F5DDC447F546C595F5AA
:1007280047C596F5976B986B996B9A6B9B6B9C6B0F
:10073800A7EF04F042C5D9F443C5DAF4DFC444F5A1
:10074800020EDE26DFC445F5000EDD2244C5D9F4CD
:1007580045C5DAF4DF50466E4650956F966B976B39
:10076800986B996B9A6B9B6B9C6BA7EF04F042C5D7
:10077800D9F443C5DAF4DFC444F5040EDE26DFC439
:1007880045F5000EDD2244C5D9F445C5DAF4DEC4CA
:1007980046F5DEC447F5DEC448F5DEC449F54650E3
:1007A800956F4750966F4850976F4950986F996B5F
:1007B8009A6B9B6B9C6BA7EF04F042C5D9F443C5B9
:1007C800DAF4DFC444F5080EDE26DFC445F5000E72
:1007D800DD2244C5D9F445C5DAF4DEC446F5DEC4E5
:1007E80047F5DEC448F5DEC449F5DEC44AF5DEC483
:1007F8004BF5DEC44CF5DEC44DF546C595F547C549
:1008080096F548C597F549C598F54AC599F54BC574
:100818009AF54CC59BF54DC59CF5A7EF04F042C56C
:10082800D9F443C5DAF4DFC444F5020EDE26DFC48A
:1008380045F5000EDD2244C5D9F445C5DAF4DEC419
:1008480095F5DDC496F5000E96BFFF0E976F986F6D
:10085800996F9A6F9B6F9C6FA7EF04F042C5D9F40C
:1008680043C5DAF4DFC444F5080EDE26DFC445F5D7
:10087800000EDD2244C5D9F445C5DAF4DEC446F5D8
:10088800DEC447F5DEC448F5DEC449F5DEC44AF5E2
:10089800DEC44BF5DEC44CF5DEC44DF546C595F512
:1008A80047C596F548C597F549C598F54AC599F5D8
:1008B8004BC59AF54CC59BF54DC59CF5A7EF04F0C3
:1008C80042C5D9F443C5DAF4DFC444F5020EDE2686
:1008D800DFC445F5000EDD2244C5D9F445C5DAF478
:1008E800DEC446F5DDC447F546C595F547C596F51A
:1008F800976B986B996B9A6B9B6B9C6BA7EF04F04B
:100908009451480AD8B49EEF03F0040AD8B4E1EF32
:1009180003F0240AD8B47EEF03F0010AD8B45EEFDE
:1009280003F0030AD8B432EF04F0060AD8B4BBEFD8
:1009380003F0180AD8B413EF04F00E0AD8B464EF21
:1009480004F0A7EF04F0010E9D25446E000E9E21D1
:10095800456E40C5D9F441C5DAF444C5DEF445C551
:10096800DDF413EF05F03EC520F53FC521F595C52B
:1009780022F596C523F597C524F598C525F599C59B
:1009880026F59AC527F59BC528F59CC529F57CEC65
:100998002DF020C53EF521C53FF53FEF09F03EC5D6
:1009A80020F53FC521F595C522F596C523F597C5D0
:1009B80024F598C525F599C526F59AC527F59BC54B
:1009C80028F59CC529F593EC2CF020C53EF521C5EA
:1009D8003FF53FEF09F03EC520F53FC521F595C528
:1009E80022F596C523F597C524F598C525F599C52B
:1009F80026F59AC527F59BC528F59CC529F59DC5FB
:100A0800F6F49EC5F7F4F86A0800F5C42AF566EC12
:100A180029F020C53EF521C53FF53FEF09F09DC5FA
:100A2800F6F49EC5F7F4F86A0800F550580AD8B4E9
:100A3800EFEF04F0370AD8B4B7EF04F01A0AD8B4C5
:100A4800D3EF04F00D0AD8B4EFEF04F02CEF05F063
:100A58009DC5F6F49EC5F7F4F86A0800F5506E0ACD
:100A6800D8A439EF05F03BEF05F0A0EF06F06AEFE8
:100A780006F042C5D9F443C5DAF4DFC444F5020EE2
:100A8800DE26DFC445F5000EDD2244C5D9F445C590
:100A9800DAF4DEC446F5DDC447F546C5D9F447C5E2
:100AA800DAF456C6DEF457C6DDF48DEF06F042C51B
:100AB800D9F443C5DAF4DFC444F5020EDE26DFC4F8
:100AC80045F5000EDD2244C5D9F445C5DAF4DEC487
:100AD80046F5DDC447F546C5D9F447C5DAF456C628
:100AE800DEF457C6DDF48DEF06F042C5D9F443C5F0
:100AF800DAF4DFC444F5020EDE26DFC445F5000E45
:100B0800DD2244C5D9F445C5DAF4DEC446F5DDC4B2
:100B180047F546C5D9F447C5DAF456C6DFF48DEF74
:100B280006F056C644F557C645F5000E45BEFF0EFD
:100B3800466E476E42C5D9F443C5DAF4DFC448F5BA
:100B4800020EDE26DFC449F5000EDD2248C5D9F4C1
:100B580049C5DAF4DEC44AF5DDC44BF54AC5D9F413
:100B68004BC5DAF444C5DEF445C5DEF446C5DEF40B
:100B780047C5DEF48DEF06F056C644F557C645F571
:100B8800000E45BEFF0E466E476E486E496E4A6EB1
:100B98004B6E42C5D9F443C5DAF4DFC44CF5020EF6
:100BA800DE26DFC44DF5000EDD224CC5D9F44DC557
:100BB800DAF4DEC44EF5DDC44FF54EC5D9F44FC5A1
:100BC800DAF444C5DEF445C5DEF446C5DEF447C5AF
:100BD800DEF448C5DEF449C5DEF44AC5DEF44BC58B
:100BE800DEF48DEF06F042C5D9F443C5DAF4DFC46C
:100BF80044F5020EDE26DFC445F5000EDD2244C5AD
:100C0800D9F445C5DAF4DEC446F5DDC447F546C572
:100C1800D9F447C5DAF456C6DEF457C6DDF48DEFCD
:100C280006F056C644F557C645F5000E45BEFF0EFC
:100C3800466E476E486E496E4A6E4B6E42C5D9F491
:100C480043C5DAF4DFC44CF5020EDE26DFC44DF5E9
:100C5800000EDD224CC5D9F44DC5DAF4DEC44EF5DC
:100C6800DDC44FF54EC5D9F44FC5DAF444C5DEF4FA
:100C780045C5DEF446C5DEF447C5DEF448C5DEF4F6
:100C880049C5DEF44AC5DEF44BC5DEF48DEF06F047
:100C980042C5D9F443C5DAF4DFC444F5020EDE26B2
:100CA800DFC445F5000EDD2244C5D9F445C5DAF4A4
:100CB800DEC446F5DDC447F546C5D9F447C5DAF4C0
:100CC80056C6DEF457C6DDF48DEF06F09451480A97
:100CD800D8B479EF05F0040AD8B4C0EF05F0240AB7
:100CE800D8B45BEF05F0010AD8B43DEF05F0030A6C
:100CF800D8B415EF06F0060AD8B495EF05F0180A2F
:100D0800D8B4F7EF05F00E0AD8B44CEF06F08DEF23
:100D180006F0010E9D25446E000E9E21456E40C5CD
:100D2800D9F441C5DAF444C5DEF445C5DDF43F6ABB
:100D3800000E3E6E3FEF09F040C5D9F441C5DAF424
:100D4800DEC4F6F4DDC4F7F4F86A0800F550700A5A
:100D5800D8A4B1EF06F0B3EF06F0E6EF06F040C511
:100D6800D9F441C5DAF4DE2A000EDD223EC520F5AD
:100D78003FC521F542C5D9F443C5DAF4DFC444F5CB
:100D8800020EDE26DFC445F5000EDD2244C5D9F487
:100D980045C5DAF4DEC446F5DDC447F546C522F597
:100DA80047C523F5246A256A266A276A286A296AB4
:100DB800780E2A6E66EC29F020C53EF521C53FF570
:100DC8003FEF09F0936B40C5D9F441C5DAF4DEC4AE
:100DD800F6F4DDC4F7F4F86A0800F550730AD8A4ED
:100DE800F8EF06F0FAEF06F005EF07F040C5D9F482
:100DF80041C5DAF4DE2A000EDD22010E936F58EFAA
:100E080007F040C5D9F441C5DAF4DEC4F6F4DDC410
:100E1800F7F4F86A0800F5506C0AD8A416EF07F042
:100E280018EF07F058EF07F040C5D9F441C5DAF4D8
:100E3800DEC444F5DDC445F5010E4426000E452206
:100E480044C5F6F445C5F7F4F86A0800F5506C0A8D
:100E5800D8A431EF07F033EF07F058EF07F040C59B
:100E6800D9F441C5DAF4DEC444F5DDC445F5020E13
:100E78004426000E452244C5F6F445C5F7F4F86A41
:100E88000800F550730AD8A44CEF07F04EEF07F0AE
:100E980058EF07F0030E40C5D9F441C5DAF4DE2651
:100EA800000EDD2201EF07F09351D8B45EEF07F092
:100EB80060EF07F080EF07F03EC510F53FC511F56C
:100EC80042C5D9F443C5DAF4DFC444F5020EDE2680
:100ED800DFC445F5000EDD2244C5D9F445C5DAF472
:100EE800DEC412F5DDC413F55FEC2EF010C53EF537
:100EF80011C53FF53FEF09F040C5D9F441C5DAF413
:100F0800DEC49DF5DDC49EF59DC5F6F49EC5F7F4D7
:100F1800F86A0800F5C494F59DEF07F09D4B9E2BE9
:100F2800C8EF07F06C0E946FC8EF07F0946BC8EF2A
:100F380007F09451410AD8B496EF07F0040AD8B4E0
:100F480096EF07F0030AD8B496EF07F0010AD8B471
:100F580096EF07F00B0AD8B492EF07F02D0AD8B431
:100F680096EF07F0040AD8B496EF07F0030AD8B44E
:100F780096EF07F0010AD8B496EF07F00B0AD8B439
:100F880092EF07F09AEF07F09DC5F6F49EC5F7F4C7
:100F9800F86A0800F550610AD8B4D5EF07F0D7EF22
:100FA80007F076EF08F09DC5F6F49EC5F7F4F86AE9
:100FB8000800F550410AD8B4E4EF07F0E6EF07F06F
:100FC80076EF08F09DC5F6F49EC5F7F4F86A0800B8
:100FD800F550650AD8B4F3EF07F0F5EF07F076EFB0
:100FE80008F09DC5F6F49EC5F7F4F86A0800F550B8
:100FF800450AD8B402EF08F004EF08F076EF08F0DD
:101008009DC5F6F49EC5F7F4F86A0800F550660A1F
:10101800D8B411EF08F013EF08F076EF08F09DC58B
:10102800F6F49EC5F7F4F86A0800F550460AD8B4F5
:1010380020EF08F022EF08F076EF08F09DC5F6F4EF
:101048009EC5F7F4F86A0800F550670AD8B42FEF80
:1010580008F031EF08F076EF08F09DC5F6F49EC56C
:10106800F7F4F86A0800F550470AD8A43EEF08F0EC
:1010780040EF08F0F2EF08F076EF08F042C5D9F437
:1010880043C5DAF4DFC444F5040EDE26DFC445F5B3
:10109800000EDD2244C5D9F445C5DAF4DEC495F561
:1010A800DEC496F5DEC497F5DEC498F581EF08F046
:1010B80042C5D9F443C5DAF4DFC444F5040EDE268C
:1010C800DFC445F5000EDD2244C5D9F445C5DAF480
:1010D800DEC495F5DEC496F5DEC497F5DEC498F552
:1010E80081EF08F094514C0AD8B45CEF08F0200A5C
:1010F800D8B442EF08F081EF08F0010E9D25446E48
:10110800000E9E21456E40C5D9F441C5DAF444C5A8
:10111800DEF445C5DDF4C9EF08F03EC534F53FC53A
:1011280035F595C536F596C537F597C538F598C59B
:1011380039F59DC5F6F49EC5F7F4F86A0800F5C4BC
:101148003AF521EC10F034C53EF535C53FF53FEFD3
:1011580009F03EC534F53FC535F595C536F596C554
:1011680037F597C538F598C539F59DC5F6F49EC588
:10117800F7F4F86A0800F5C43AF540EC09F034C50C
:101188003EF535C53FF53FEF09F09DC5F6F49EC520
:10119800F7F4F86A0800F550410AD8B491EF08F05E
:1011A800040AD8B4ADEF08F0030AD8B4ADEF08F0DC
:1011B800010AD8B4ADEF08F0260AD8B491EF08F0C8
:1011C800040AD8B4ADEF08F0030AD8B4ADEF08F0BC
:1011D800010AD8B4ADEF08F0F2EF08F040C5D9F431
:1011E80041C5DAF4DEC4F6F4DDC4F7F4F86A0800A1
:1011F800F550250AD8A403EF09F005EF09F01AEF16
:1012080009F040C5D9F441C5DAF4DE2A000EDD2222
:10121800086A250E076E3EC509F53FC50AF503ECB9
:1012280039F03F6A010E3E6E3FEF09F040C5D9F430
:1012380041C5DAF4DE2A000EDD229BEF06F040C538
:10124800D9F441C5DAF4DEC4F6F4DDC4F7F4F86A7B
:101258000800F550076E086A3EC509F53FC50AF54E
:1012680003EC39F040C5D9F441C5DAF4DE2A000EA2
:10127800DD2215EF09F012000501846B36C587F5EC
:1012880037C588F538C589F539C58AF58ABF51EF5C
:1012980009F04FEF09F065EF09F0010E846F87C57B
:1012A80007F588C508F589C509F58AC50AF5D8EC92
:1012B80047F007C587F508C588F509C589F50AC542
:1012C8008AF50501926B000E916F58C67AF559C6DA
:1012D8007BF58451D8A473EF09F075EF09F07CEF22
:1012E80009F0FEA57AEF09F07CEF09F090EF09F01C
:1012F8008451D8A482EF09F084EF09F089EF09F04E
:10130800616B2B0E606F8CEF09F0616B2D0E606FB7
:1013180060C584F599EF09F0FEA795EF09F097EFFE
:1013280009F099EF09F0200E846F87C507F588C585
:1013380008F589C509F58AC50AF50DEC35F00704E5
:101348000810D8A4AAEF09F0ACEF09F0FCEF09F0F7
:1013580005018451D8B4B3EF09F0B5EF09F0BDEF3A
:1013680009F084C58FF67A07D8A07B07926B010E27
:10137800916F3AC53BF5BF0E3B261A0E3B60C7EF8F
:1013880009F0C9EF09F0D7EF09F08F0E9125076E24
:10139800060E9221086EEB0E096EFF0E0A6E83ECA4
:1013A80047F0E3EF09F08F0E9125076E060E9221A4
:1013B800086EF30E096EFF0E0A6E83EC47F0050106
:1013C800FD0E7A27FF0E7B2334C517F535C518F5B2
:1013D8008F0E196E060E1A6E7AC51BF57BC51CF5A5
:1013E800B8EC3BF017C534F518C535F520EF10F00B
:1013F80087C507F588C508F589C509F58AC50AF5B9
:101408000DEC35F007500810D8A40DEF0AF00FEFD7
:101418000AF048EF0AF005018451D8B416EF0AF033
:1014280018EF0AF020EF0AF084C58FF67A07D8A0E3
:101438007B07926B010E916F3AC53BF5BF0E3B26B9
:101448001A0E3B602AEF0AF02CEF0AF03AEF0AF086
:101458008F0E9125076E060E9221086EEF0E096E0B
:10146800FF0E0A6E83EC47F0E3EF09F08F0E91252B
:10147800076E060E9221086EF70E096EFF0E0A6EB1
:1014880083EC47F0E3EF09F0000E05018D6F000EC5
:101498008E6F800E8F6F3F0E906F866B000E856F7C
:1014A80087C507F588C508F589C509F58AC50AF508
:1014B800000E0B6E000E0C6E000E0D6E000E0E6E02
:1014C80018EC3DF0D8B06BEF0AF06DEF0AF04CEF76
:1014D8000BF07AEF0AF076C58DF577C58EF578C5ED
:1014E8008FF579C590F50501854B862B8DC507F5D8
:1014F8008EC508F58FC509F590C50AF5000E0B6E67
:10150800000E0C6E200E0D6E410E0E6E89EC1FF053
:1015180007C576F508C577F509C578F50AC579F5DB
:1015280005017651875D076E77518859086E7851A5
:101538008959096E79518A590A6EC8EC44F00ABE75
:10154800B1EF0AF00A500910081009E1020E075C11
:10155800D8A0B1EF0AF0B3EF0AF06FEF0AF076C542
:1015680020F577C521F578C522F579C523F587C516
:1015780024F588C525F589C526F58AC527F58EEC95
:1015880033F0D8A0CAEF0AF0CCEF0AF06FEF0AF0F8
:1015980005018D51875D076E8E518859086E8F51F0
:1015A8008959096E90518A590A6EC8EC44F00ABEEE
:1015B800EBEF0AF00A500910081007E1020E075C69
:1015C800D8B0E9EF0AF0EBEF0AF033EF0BF08DC576
:1015D80087F58EC588F58FC589F590C58AF54CEFD6
:1015E8000BF08DC507F58EC508F58FC509F590C5B3
:1015F8000AF5000E0B6E000E0C6E200E0D6E410EDD
:101608000E6EAEEC23F007C58DF508C58EF509C53D
:101618008FF50AC590F505018507D8A086078D5175
:10162800875D076E8E518859086E8F518959096EEA
:1016380090518A590A6EC8EC44F00ABE31EF0BF09B
:101648000A500910081007E1020E075CD8B02FEF06
:101658000BF031EF0BF033EF0BF0EBEF0AF087C52F
:1016680020F588C521F589C522F58AC523F58DC5DC
:1016780024F58EC525F58FC526F590C527F58EEC82
:1016880033F0D8A04AEF0BF04CEF0BF0F5EF0AF06F
:101698003AC53BF5BF0E3B26190E3B6456EF0BF0DF
:1016A80058EF0BF05EEF0BF03AC562F50501636B7E
:1016B80067EF0BF0200E3AC53BF53C6A3B1005017D
:1016C800626F3C50636F62C575F575C574F5670E3A
:1016D8007519D8A472EF0BF074EF0BF098EF0BF0BC
:1016E80058505910D8A47BEF0BF07DEF0BF080EF2A
:1016F8000BF0596A010E586E59BE8DEF0BF0595018
:1017080006E15804D8B08BEF0BF08DEF0BF092EF99
:101718000BF0736B060E726FA1EF0BF058C572F5E4
:1017280059C573F5A1EF0BF059BE9DEF0BF09FEF74
:101738000BF08DEF0BF092EF0BF0670E7519D8A434
:10174800A8EF0BF0AAEF0BF0D3EF0BF086AFB8EFD2
:101758000BF0FC0E855DFF0E8659D8A0B6EF0BF096
:10176800B8EF0BF0D1EF0BF0FF0E72253B6EFF0EBA
:1017780073213C6E85513B5C3C50800A3D6E86511E
:10178800800A3D58D8A0CBEF0BF0CDEF0BF0D1EF8E
:101798000BF0660E746FD3EF0BF0650E746F72C5A5
:1017A8006EF573C56FF5670E7519D8A4DEEF0BF0EB
:1017B800E0EF0BF0F0EF0BF0660E7419D8A4E7EF2A
:1017C8000BF0E9EF0BF0F2EF0BF086BFF0EF0BF048
:1017D800EEEF0BF0F2EF0BF06E4B6F2B660E7419F9
:1017E800D8A4F9EF0BF0FBEF0BF01AEF0CF086BF63
:1017F80002EF0CF000EF0CF00DEF0CF0000E8D6F07
:10180800000E8E6F800E8F6F3F0E906F866B000EEE
:10181800856F670E7519D8B414EF0CF016EF0CF03D
:101828001AEF0CF085516E2786516F238C6B000ED2
:101838008B6F87C57CF588C57DF589C57EF58AC51A
:101848007FF58DC576F58EC577F58FC578F590C58A
:1018580079F5AAEF0CF07CC507F57DC508F57EC5BE
:1018680009F57FC50AF58DC50BF58EC50CF58FC535
:101878000DF590C50EF5AEEC23F007C520F508C5AB
:1018880021F509C522F50AC523F598EC2AF020C5EB
:1018980080F521C581F522C582F523C583F580C56C
:1018A80007F581C508F582C509F583C50AF50BEC6E
:1018B80033F007C570F508C571F57CC520F57DC501
:1018C80021F57EC522F57FC523F580C50BF581C5B9
:1018D8000CF582C50DF583C50EF58DC507F58EC5CA
:1018E80008F58FC509F590C50AF589EC1FF007C5FD
:1018F80024F508C525F509C526F50AC527F550ECD0
:1019080046F020C57CF521C57DF522C57EF523C5A9
:101918007FF58DC507F58EC508F58FC509F590C506
:101928000AF5000E0B6E000E0C6E200E0D6E410EA9
:101938000E6EAEEC23F007C58DF508C58EF509C50A
:101948008FF50AC590F505018B4B8C2B6E518B5D7D
:101958008C51800A3B6E6F51800A3B58D8A0B7EF74
:101968000CF0B9EF0CF02FEF0CF08DC507F58EC514
:1019780008F58FC509F590C50AF5000E0B6E000E27
:101988000C6EA00E0D6E400E0E6E89EC1FF007C592
:1019980080F508C581F509C582F50AC583F57CC5BA
:1019A80020F57DC521F57EC522F57FC523F580C5C7
:1019B80024F581C525F582C526F583C527F58EEC66
:1019C80033F0D8B0EAEF0CF0ECEF0CF0F7EF0CF0D6
:1019D800000E0501806F000E816F000E826F000EF1
:1019E800836F20EF0DF07CC507F57DC508F57EC532
:1019F80009F57FC50AF580C50BF581C50CF582C5CB
:101A08000DF583C50EF518EC3DF0D8A00EEF0DF0DE
:101A180010EF0DF020EF0DF0050170B116EF0DF08D
:101A280018EF0DF020EF0DF0000E806F000E816FA3
:101A3800000E826F000E836F87C507F588C508F50D
:101A480089C509F58AC50AF580C50BF581C50CF568
:101A580082C50DF583C50EF52EEC1DF007C57CF586
:101A680008C57DF509C57EF50AC57FF57CC520F555
:101A78007DC521F57EC522F57FC523F5000E0B6EC9
:101A8800000E0C6E200E0D6E410E0E6E76C507F51B
:101A980077C508F578C509F579C50AF589EC1FF009
:101AA80007C524F508C525F509C526F50AC527F58E
:101AB8008EEC33F0D8A063EF0DF065EF0DF08EEFEC
:101AC8000DF00501854B862B76C507F577C508F51A
:101AD80078C509F579C50AF5000E0B6E000E0C6E77
:101AE800200E0D6E410E0E6E89EC1FF007C576F5BF
:101AF80008C577F509C578F50AC579F5660E0501B3
:101B08007419D8A48AEF0DF08CEF0DF08EEF0DF05C
:101B18006E4B6F2B76C58DF577C58EF578C58FF52D
:101B280079C590F5650E05017419D8B49EEF0DF0CE
:101B3800A0EF0DF0A6EF0DF085C56BF586C56CF529
:101B4800A9EF0DF06C6B000E6B6F6D6B696B000E7F
:101B5800686F8C6B000E8B6FBAEF0EF07CC507F5C3
:101B68007DC508F57EC509F57FC50AF58DC50BF558
:101B78008EC50CF58FC50DF590C50EF5AEEC23F0AE
:101B880007C520F508C521F509C522F50AC523F5BD
:101B980098EC2AF020C580F521C581F522C582F58B
:101BA80023C583F580C507F581C508F582C509F504
:101BB80083C50AF50BEC33F008BEEEEF0DF00850C4
:101BC80007E10A0E075CD8B0ECEF0DF0EEEF0DF070
:101BD800FEEF0DF080C507F581C508F582C509F54A
:101BE80083C50AF50BEC33F007C570F508C571F528
:101BF80002EF0EF00501716B090E706F050170514F
:101C08007111D8A40AEF0EF00CEF0EF027EF0EF0CA
:101C1800670E7519D8A413EF0EF015EF0EF027EF25
:101C28000EF06CBF1CEF0EF01AEF0EF027EF0EF05F
:101C3800FEB921EF0EF023EF0EF027EF0EF0684B00
:101C4800692B6EEF0EF06D51D8A42DEF0EF02FEF2B
:101C58000EF057EF0EF06CBF36EF0EF034EF0EF0CB
:101C680057EF0EF08F0E9125D96E060E9221DA6E7F
:101C78002E0EDF6E914B922B7A07D8A07B07010EB0
:101C88006D6F57EF0EF08F0E9125D96E060E9221CB
:101C9800DA6E300EDF6E914B922B7A07D8A07B0755
:101CA8006807D8A0690768516911D8A45EEF0EF0DB
:101CB80060EF0EF047EF0EF08F0E9125D96E060EED
:101CC8009221DA6E7051300FDF6E914B922B7A07AA
:101CD800D8A07B077CC520F57DC521F57EC522F5FA
:101CE8007FC523F580C50BF581C50CF582C50DF5BB
:101CF80083C50EF58DC507F58EC508F58FC509F5A1
:101D080090C50AF589EC1FF007C524F508C525F527
:101D180009C526F50AC527F550EC46F020C57CF51F
:101D280021C57DF522C57EF523C57FF58DC507F54F
:101D38008EC508F58FC509F590C50AF5000E0B6E1E
:101D4800000E0C6E200E0D6E410E0E6EAEEC23F0E2
:101D580007C58DF508C58EF509C58FF50AC590F537
:101D680005016B07D8A06C078B4B8C2B6E518B5DD4
:101D78008C51800A3B6E6F51800A3B58D8B0C7EF30
:101D88000EF0C9EF0EF0D7EF0EF092BFD5EF0EF0C0
:101D9800925109E14B0E915DD8A0D5EF0EF0D7EF27
:101DA8000EF0B2EF0DF06D51D8A4DDEF0EF0DFEFBD
:101DB8000EF0F0EF0EF0FEA9E4EF0EF0E6EF0EF0F5
:101DC800F0EF0EF08F0E9125D96E060E9221DA6E85
:101DD8002E0EDF6E914B922B8C6B4F0E8B6F8F0EEE
:101DE8008B25D96E060E8C21DA6EDF6A650E7419A2
:101DF800D8A401EF0FF003EF0FF095EF0FF06A6B27
:101E080086BF0BEF0FF009EF0FF011EF0FF0010E87
:101E18006A6F856D861FD8B0862B736B020E726F42
:101E28003FEF0FF08B07D8A08C078F0E8B25D96E4C
:101E3800060E8C21DA6E85C507F586C508F50A6A8F
:101E48000A0E096EC1EC3CF00750300FDF6E85C5F5
:101E580007F586C508F50A6A0A0E096E58EC3BF0C4
:101E680007C585F508C586F505017207D8A073076B
:101E78007A07D8A07B0785518611D8A446EF0FF0C2
:101E880048EF0FF016EF0FF073BF55EF0FF07351D7
:101E980006E17205D8B053EF0FF055EF0FF016EFCB
:101EA8000FF08B07D8A08C076A51D8A45EEF0FF00B
:101EB80060EF0FF065EF0FF0656B2B0E646F68EF46
:101EC8000FF0656B2D0E646F8F0E8B25D96E060E85
:101ED8008C21DA6E64C5DFF47A07D8A07B078B07FC
:101EE800D8A08C073AC53BF5BF0E3B26190E3B64BC
:101EF80080EF0FF082EF0FF087EF0FF0676B650E42
:101F0800666F8AEF0FF0676B450E666F8F0E8B2535
:101F1800D96E060E8C21DA6E66C5DFF47A07D8A072
:101F28007B078F0E3B6E060E3C6E91513B5E9251C5
:101F38003C5A8B513B24076E8C513C20086E8F0E07
:101F4800096E060E0A6E91C50BF592C50CF546ECA6
:101F580045F0050191518B5D916F92518C59926FAB
:101F68008451D8A4BAEF0FF0BDEF0FF0010EBEEF09
:101F78000FF0000E8B6F8C6BFEA3C5EF0FF0C7EF51
:101F88000FF0F5EF0FF0D7EF0FF09107D8A09207F9
:101F98008F0E9125D96E060E9221DA6E300EDF6E05
:101FA8007A07D8A07B077A518B5D8C51800A3B6EEB
:101FB8007B51800A3B58D8B0E4EF0FF0E6EF0FF002
:101FC800F5EF0FF091518B5D8C51800A3B6E925169
:101FD800800A3B58D8A0F3EF0FF0F5EF0FF0C9EFE8
:101FE8000FF08451D8B4FBEF0FF0FDEF0FF008EFBE
:101FF80010F09107D8A092078F0E9125D96E060E82
:102008009221DA6E84C5DFF48B517A5F8C517B5B49
:1020180034C517F535C518F58F0E9125196E060EBE
:1020280092211A6E7AC51BF57BC51CF5B8EC3BF0FE
:1020380017C534F518C535F512003AC53BF5BF0E7E
:102048003B26190E3B642BEF10F02EEF10F0010E1B
:102058002FEF10F0000E3A6E0501886B36C582F539
:1020680037C583F538C584F539C585F585BF41EF92
:1020780010F03FEF10F055EF10F0010E886F82C599
:1020880007F583C508F584C509F585C50AF5D8ECB3
:1020980047F007C582F508C583F509C584F50AC563
:1020A80085F50501906B000E8F6F58C678F559C6F7
:1020B80079F58851D8A463EF10F065EF10F06CEF54
:1020C80010F0FEA56AEF10F06CEF10F080EF10F042
:1020D8008851D8A472EF10F074EF10F079EF10F077
:1020E800656B2B0E646F7CEF10F0656B2D0E646FC3
:1020F80064C588F589EF10F0FEA785EF10F087EF2B
:1021080010F089EF10F0200E886F82C507F583C59F
:1021180008F584C509F585C50AF50DEC35F0070401
:102128000810D8A49AEF10F09CEF10F0E8EF10F028
:1021380005018851D8B4A3EF10F0A5EF10F0ADEF6A
:1021480010F088C58FF6906B010E8F6F7807D8A0B6
:1021580079073A50D8B4B3EF10F0B5EF10F0C3EFE9
:1021680010F08F0E8F25076E060E9021086EEB0E6D
:10217800096EFF0E0A6E83EC47F0CFEF10F08F0E5A
:102188008F25076E060E9021086EF30E096EFF0E5E
:102198000A6E83EC47F00501FD0E7827FF0E7923C0
:1021A80034C517F535C518F58F0E196E060E1A6E5B
:1021B80078C51BF579C51CF5B8EC3BF017C534F5A7
:1021C80018C535F55BEF16F082C507F583C508F528
:1021D80084C509F585C50AF50DEC35F007500810DA
:1021E800D8A4F9EF10F0FBEF10F030EF11F0050173
:1021F8008851D8B402EF11F004EF11F00CEF11F090
:1022080088C58FF6906B010E8F6F7807D8A0790775
:102218003A50D8B412EF11F014EF11F022EF11F088
:102228008F0E8F25076E060E9021086EEF0E096E31
:10223800FF0E0A6E83EC47F0CFEF10F08F0E8F255C
:10224800076E060E9021086EF70E096EFF0E0A6ED5
:1022580083EC47F0CFEF10F0000E0501896F000EF8
:102268008A6F800E8B6F3F0E8C6F776B000E766FC8
:1022780082C507F583C508F584C509F585C50AF53E
:10228800000E0B6E000E0C6E000E0D6E000E0E6E24
:1022980018EC3DF0D8B053EF11F055EF11F0D8EF2E
:1022A80011F074EF11F089C507F58AC508F58BC5DB
:1022B80009F58CC50AF5000E0B6E000E0C6E000EAB
:1022C8000D6E400E0E6E89EC1FF007C589F508C526
:1022D8008AF509C58BF50AC58CF50501764B772B70
:1022E80082C520F583C521F584C522F585C523F56A
:1022F800000E0B6E000E0C6E000E0D6E400E0E6E74
:1023080089C507F58AC508F58BC509F58CC50AF591
:1023180089EC1FF007C524F508C525F509C526F57C
:102328000AC527F58EEC33F0D8B09DEF11F09FEF7A
:1023380011F057EF11F0BFEF11F089C507F58AC505
:1023480008F58BC509F58CC50AF5000E0B6E000E55
:102358000C6E000E0D6E400E0E6EAEEC23F007C52F
:1023680089F508C58AF509C58BF50AC58CF50501F7
:102378007607D8A0770782C520F583C521F584C5DF
:1023880022F585C523F589C524F58AC525F58BC5AC
:1023980026F58CC527F58EEC33F0D8A0D6EF11F0D2
:1023A800D8EF11F0A1EF11F059BEDDEF11F0DFEF1A
:1023B80011F0E5EF11F058C571F559C572F5E9EF5F
:1023C80011F00501726B4A0E716F010E050171253E
:1023D8006D6F000E72216E6F8E6B000E8D6F82C551
:1023E8007AF583C57BF584C57CF585C57DF589C5FA
:1023F80060F58AC561F58BC562F58CC563F580EF1C
:1024080012F07AC507F57BC508F57CC509F57DC5C9
:102418000AF589C50BF58AC50CF58BC50DF58CC574
:102428000EF5AEEC23F007C520F508C521F509C562
:1024380022F50AC523F598EC2AF020C57EF521C5BA
:102448007FF522C580F523C581F57EC507F57FC5D3
:1024580008F580C509F581C50AF50BEC33F007C509
:1024680086F508C587F57AC520F57BC521F57CC5B5
:1024780022F57DC523F589C50BF58AC50CF58BC5F5
:102488000DF58CC50EF57EC507F57FC508F580C529
:1024980009F581C50AF589EC1FF007C524F508C5BB
:1024A80025F509C526F50AC527F550EC46F020C5DF
:1024B8007AF521C57BF522C57CF523C57DF589C54F
:1024C80007F58AC508F58BC509F58CC50AF5000E10
:1024D8000B6E000E0C6E800E0D6E410E0E6EAEEC85
:1024E80023F007C589F508C58AF509C58BF50AC51E
:1024F8008CF505018D4B8E2B6D518D5D8E51800AAB
:102508003B6E6E51800A3B58D8A08DEF12F08FEFCA
:1025180012F005EF12F089C507F58AC508F58BC5D5
:1025280009F58CC50AF5000E0B6E000E0C6E000E38
:102538000D6E410E0E6E89EC1FF007C57EF508C5BD
:102548007FF509C580F50AC581F57AC520F57BC5F3
:1025580021F57CC522F57DC523F57EC524F57FC50B
:1025680025F580C526F581C527F58EEC33F0D8B062
:10257800C0EF12F0C2EF12F0CDEF12F0000E05011D
:102588007E6F000E7F6F000E806F000E816FF6EF7A
:1025980012F07AC507F57BC508F57CC509F57DC538
:1025A8000AF57EC50BF57FC50CF580C50DF581C50F
:1025B8000EF518EC3DF0D8A0E4EF12F0E6EF12F0BB
:1025C800F6EF12F0050186B1ECEF12F0EEEF12F023
:1025D800F6EF12F0000E7E6F000E7F6F000E806F18
:1025E800000E816F82C507F583C508F584C509F516
:1025F80085C50AF57EC50BF57FC50CF580C50DF5BB
:1026080081C50EF52EEC1DF007C57AF508C57BF5DA
:1026180009C57CF50AC57DF560C589F561C58AF5EA
:1026280062C58BF563C58CF50501706B000E6F6F85
:10263800756B746B000E736F8E6B000E8D6F6BEF86
:1026480014F07AC507F57BC508F57CC509F57DC585
:102658000AF589C50BF58AC50CF58BC50DF58CC532
:102668000EF5AEEC23F007C520F508C521F509C520
:1026780022F50AC523F598EC2AF020C57EF521C578
:102688007FF522C580F523C581F57EC507F57FC591
:1026980008F580C509F581C50AF50BEC33F007C5C7
:1026A80086F508C587F5050186518711D8A45FEF1F
:1026B80013F061EF13F073EF13F070BF68EF13F0CE
:1026C80066EF13F073EF13F0FEB96DEF13F06FEFD1
:1026D80013F073EF13F0734B742BFDEF13F0755178
:1026E800D8A479EF13F07BEF13F0A3EF13F070BFCA
:1026F80082EF13F080EF13F0A3EF13F08F0E8F2506
:10270800D96E060E9021DA6E2E0EDF6E8F4B902B4F
:102718007807D8A07907010E756FA3EF13F08F0E15
:102728008F25D96E060E9021DA6E300EDF6E8F4B34
:10273800902B7807D8A079077307D8A0740773512E
:102748007411D8A4AAEF13F0ACEF13F093EF13F0C1
:1027580087BFB8EF13F0875109E10A0E865DD8A04C
:10276800B8EF13F0BAEF13F0C2EF13F0570E862547
:10277800866F000E8721876FC8EF13F0300E86250D
:10278800866F000E8721876F3A50D8B4CEEF13F0CA
:10279800D0EF13F0F0EF13F086C53BF5200E3B1297
:1027A8009F0E3B261A0E3B60DCEF13F0DEEF13F0B2
:1027B800F0EF13F086C53BF59F0E3B26190E3B64E0
:1027C800E8EF13F0EAEF13F0ECEF13F0F0EF13F08B
:1027D8005F0E8615866F876B8F0E8F25D96E060E56
:1027E8009021DA6E86C5DFF48F4B902B7807D8A03E
:1027F80079077AC520F57BC521F57CC522F57DC50D
:1028080023F589C50BF58AC50CF58BC50DF58CC567
:102818000EF57EC507F57FC508F580C509F581C5A4
:102828000AF589EC1FF007C524F508C525F509C583
:1028380026F50AC527F550EC46F020C57AF521C5DE
:102848007BF522C57CF523C57DF589C507F58AC5C5
:1028580008F58BC509F58CC50AF5000E0B6E000E40
:102868000C6E800E0D6E410E0E6EAEEC23F007C599
:1028780089F508C58AF509C58BF50AC58CF50501E2
:102888006F07D8A070078D4B8E2B59BE50EF14F0F0
:102898004EEF14F06BEF14F07AC507F57BC508F519
:1028A8007CC509F57DC50AF5000E0B6E000E0C6E91
:1028B800000E0D6E000E0E6E18EC3DF0D8A067EFFE
:1028C80014F069EF14F06BEF14F089EF14F00501C0
:1028D8006D518D5D8E51800A3B6E6E51800A3B585A
:1028E800D8B079EF14F07BEF14F089EF14F090BFB3
:1028F80087EF14F0905109E14B0E8F5DD8A087EF58
:1029080014F089EF14F025EF13F005017551D8A4E0
:1029180090EF14F092EF14F0D7EF14F07351741194
:10292800D8B499EF14F09BEF14F0D7EF14F059BE18
:10293800A6EF14F0595008E15804D8A0A6EF14F0F7
:10294800A8EF14F0D7EF14F090BFB6EF14F0905141
:1029580007E14B0E8F5DD8B0B4EF14F0B6EF14F06A
:10296800D7EF14F0010E756F8F0E8F25D96E060EF6
:102978009021DA6E2E0EDF6E8F4B902B7807D8A041
:102988007907D7EF14F08F0E8F25D96E060E902198
:10299800DA6E300EDF6E8F4B902B7807D8A0790750
:1029A8007307D8A0740773517411D8B4DEEF14F00C
:1029B800E0EF14F0EEEF14F090BFECEF14F090514C
:1029C80009E14B0E8F5DD8A0ECEF14F0EEEF14F098
:1029D800C7EF14F07551D8A4F4EF14F0F6EF14F023
:1029E80007EF15F0FEA9FBEF14F0FDEF14F007EF69
:1029F80015F08F0E8F25D96E060E9021DA6E2E0EE9
:102A0800DF6E8F4B902B8F0E8F25D96E060E90217F
:102A1800DA6EDF6A8E6B4F0E8D6F8F0E8D25D96E35
:102A2800060E8E21DA6EDF6A6C6B77BF20EF15F029
:102A38001EEF15F026EF15F0010E6C6F766D771FFF
:102A4800D8B0772B726B010E716F54EF15F08D07AC
:102A5800D8A08E078F0E8D25D96E060E8E21DA6EC0
:102A680076C507F577C508F50A6A0A0E096EC1EC3E
:102A78003CF00750300FDF6E76C507F577C508F5CF
:102A88000A6A0A0E096E58EC3BF007C576F508C5C8
:102A980077F505017107D8A072077807D8A07907DC
:102AA80076517711D8A45BEF15F05DEF15F02BEF99
:102AB80015F072BF6AEF15F0725106E17105D8B0D2
:102AC80068EF15F06AEF15F02BEF15F08D07D8A019
:102AD8008E076C51D8A473EF15F075EF15F07AEFE7
:102AE80015F0676B2B0E666F7DEF15F0676B2D0E7B
:102AF800666F8F0E8D25D96E060E8E21DA6E66C52D
:102B0800DFF47807D8A079078D07D8A08E073A5048
:102B1800D8A491EF15F093EF15F098EF15F0696BC5
:102B2800700E686F9BEF15F0696B500E686F8F0E13
:102B38008D25D96E060E8E21DA6E68C5DFF478070A
:102B4800D8A079078F0E3B6E060E3C6E8F513B5E08
:102B580090513C5A8D513B24076E8E513C20086E93
:102B68008F0E096E060E0A6E8FC50BF590C50CF513
:102B780046EC45F005018F518D5D8F6F90518E5950
:102B8800906F8851D8A4CBEF15F0CDEF15F0D2EFA8
:102B980015F08E6B020E8D6FD5EF15F08E6B030E50
:102BA8008D6FFEA3DAEF15F0DCEF15F00AEF16F0E3
:102BB800ECEF15F08F07D8A090078F0E8F25D96EF0
:102BC800060E9021DA6E300EDF6E7807D8A07907EE
:102BD80078518D5D8E51800A3B6E7951800A3B5841
:102BE800D8B0F9EF15F0FBEF15F00AEF16F08F519A
:102BF8008D5D8E51800A3B6E9051800A3B58D8A05B
:102C080008EF16F00AEF16F0DEEF15F03A50D8A4E8
:102C180010EF16F012EF16F017EF16F06B6B780E38
:102C28006A6F1AEF16F06B6B580E6A6F8F07D8A091
:102C380090078F0E8F25D96E060E9021DA6E6AC521
:102C4800DFF48F07D8A090078F0E8F25D96E060E58
:102C58009021DA6E300EDF6E8851D8B436EF16F058
:102C680038EF16F043EF16F08F07D8A090078F0EB5
:102C78008F25D96E060E9021DA6E88C5DFF48D5146
:102C8800785F8E51795B34C517F535C518F58F0E09
:102C98008F25196E060E90211A6E78C51BF579C519
:102CA8001CF5B8EC3BF017C534F518C535F512001E
:102CB800386EDF0E3824D96EDA6A060EDA22DFB0F3
:102CC80068EF16F06BEF16F0010E6CEF16F0000EC1
:102CD800286E2850D8A473EF16F075EF16F07AEF27
:102CE80016F0000E186E17687DEF16F0186A000EC1
:102CF800176E17C521F5416A38500D0D750EF3246E
:102D0800116E080EF420126E41501124D96E000E77
:102D18001220DA6EDF50376E1F0E376496EF16F00A
:102D280098EF16F0A0EF16F07E0E37649EEF16F0BF
:102D3800A0EF16F0A2EF16F03F0E376E38500D0DCB
:102D4800000EF324116E080EF420126E4150112467
:102D5800D96E000E1220DA6EDF50030B296E29504F
:102D6800020DE50EF324F66ECF0EF420F76EF86A26
:102D7800000EF8224150020D5B0EF324D96E070EA7
:102D8800F420DA6E0900F5C4DEF40800F5C4DDF4B9
:102D98002950020DDD0EF324F66ECF0EF420F76EE7
:102DA800F86A000EF8220900F5C415F50A00F5C402
:102DB80016F53750E00F226E2250070DF3C411F5B7
:102DC800F4C412F5115015243D6E125016203E6EB3
:102DD8003DC5F6F43EC5F7F4F86A4150070D000EFC
:102DE800F324D96E070EF420DA6E0900F5C4DEF478
:102DF8000800F5C4DDF4020E3D24116E000E3E20DD
:102E0800126E11C5F6F412C5F7F4F86A4150070DB1
:102E1800020EF324D96E070EF420DA6E0800F5C40A
:102E2800DFF4030E3D24116E000E3E20126E11C514
:102E3800F6F412C5F7F4F86A4150070D030EF324AF
:102E4800D96E070EF420DA6E0800F5C4DFF4040E1C
:102E58003D24116E000E3E20126E11C5F6F412C507
:102E6800F7F4F86A4150070D040EF324D96E070EE3
:102E7800F420DA6E0800F5C4DFF4050E3D24116E67
:102E8800000E3E20126E11C5F6F412C5F7F4F86A6A
:102E98004150070D050EF324D96E070EF420DA6EA3
:102EA8000800F5C4DFF4060E3D24116E000E3E2026
:102EB800126E11C5F6F412C5F7F4F86A4150070D01
:102EC800060EF324D96E070EF420DA6E0800F5C456
:102ED800DFF44150070D020EF324D96E070EF420DB
:102EE800DA6EDF50346E8F0E4124D96EDA6A070E1F
:102EF800DA223450116E126A070E1126000E1222C1
:102F08001234123211321234123211321234123295
:102F180011321150DF6E820E4124D96EDA6A070E23
:102F2800DA224150070D050EF324E16E070EF42056
:102F3800E26EE750116E41500B0DF3501124DF6E15
:102F480041280B0DF3C42AF5820E4124D96EDA6AA2
:102F5800070EDA22DF502B6E2A502B5CD8A0B7EF71
:102F680017F0B9EF17F0BEEF17F01A6A000E196ED6
:102F7800C4EF17F02B502A5C196E1A6AD8A01A06EB
:102F880019C52CF52C50345CD8A0CDEF17F0CFEF35
:102F980017F0D4EF17F02CC51BF51C6AD7EF17F004
:102FA80034C51BF51C6A750E4124D96EDA6A070E02
:102FB800DA221BC5DFF4412A0C0E4164E6EF17F054
:102FC800E8EF17F080EF16F03C6A110E3C64EFEF63
:102FD80017F0F1EF17F0F3EF17F0FBEF19F0385097
:102FE800120DF3503C24236E9C0E076E070E086EDC
:102FF80021C509F50A6A0C6A120E0B6EBCEC47F083
:10300800406A0C0E40640BEF18F00DEF18F00FEF4C
:1030180018F0EFEF19F04050070D020EF324D96EA7
:10302800070EF420DA6EDF502D6E4050070D030EA8
:10303800F324D96E070EF420DA6EDF502E6E2D5071
:10304800D8B429EF18F02BEF18F0ECEF19F02E5048
:10305800D8A431EF18F033EF18F035EF18F0ECEF93
:1030680019F04050070D060EF324D96E070EF42010
:10307800DA6EDF50116E11503C5CF30F356E35BEC1
:1030880048EF18F04AEF18F0ECEF19F03550800AC5
:10309800116E2E50800A115CD8A055EF18F057EF2A
:1030A80018F059EF18F0ECEF19F08F0E4024D96E94
:1030B800DA6A070EDA22DF50366E4050070D000E2E
:1030C800F324D96E070EF420DA6EDEC411F5DDC4E0
:1030D80012F535503602F3C413F5F4C414F5115043
:1030E8001324246E12501420256E4050020D5B0EDE
:1030F800F324D96E070EF420DA6EDEC426F5DDC49B
:1031080027F524502624116E25502720126E11C54C
:10311800F6F412C5F7F4F86A0800F5C432F5020EA1
:10312800366099EF18F09BEF18F0A0EF18F01E6AC0
:10313800000E1D6EB3EF18F024502624116E255092
:103148002720126E010E1126000E122211C5F6F468
:1031580012C5F7F4F86A0800F5501D6E1E6A1DC501
:1031680033F5750E4024D96EDA6A070EDA22DF507D
:10317800396E080E3960C3EF18F0C5EF18F0D6EFB6
:1031880018F039C511F5010E126E112ACEEF18F09C
:10319800D8901236112ECCEF18F012043216336A7A
:1031A800EFEF18F02D50395CD8B0DDEF18F0DFEFF5
:1031B80018F0EFEF18F039C511F5F80E1126010EC9
:1031C800126E112AEAEF18F0D8901236112EE8EF95
:1031D80018F012043316820E4024D96EDA6A070EEC
:1031E800DA22DF502F6E2F38E8461F0B3F6E2F5024
:1031F800070B3A6E3AC511F532C512F5112A07EFD9
:1032080019F0D8901236112E05EF19F01250306EC1
:103218003A500808116E3350136E3250126E112A4C
:1032280019EF19F0D89013321232112E16EF19F047
:103238001250316E3A50D8B424EF19F026EF19F035
:103248002EEF19F0020E36602CEF19F02EEF19F060
:1032580033EF19F0206A000E1F6E43EF19F03A5051
:103268000808116E33C512F5112A3DEF19F0D890F0
:103278001232112E3BEF19F012501F6E206A1FC533
:103288003BF52850D8A44BEF19F04DEF19F0A2EFF9
:1032980019F03050FF0A116E9C0E3F24D96EDA6A7D
:1032A800070EDA221150DF163F50116E126A010E16
:1032B8001126000E122212BE6DEF19F0125007E10E
:1032C800120E115CD8B06BEF19F06DEF19F078EFB2
:1032D80019F03150FF0A116E9D0E3F24D96EDA6A3B
:1032E800070EDA221150DF163B50D8B47EEF19F0E2
:1032F80080EF19F0ECEF19F03F50116E126A020ED0
:103308001126000E122212BE95EF19F0125007E195
:10331800120E115CD8B093EF19F095EF19F0ECEF9D
:1033280019F03B50FF0A116E9E0E3F24D96EDA6ADF
:10333800070EDA221150DF16ECEF19F09C0E3F242D
:10334800D96EDA6A070EDA223050DF123F50116E5A
:10335800126A010E1126000E122212BEBFEF19F0DA
:10336800125007E1120E115CD8B0BDEF19F0BFEF93
:1033780019F0C7EF19F09D0E3F24D96EDA6A070ECF
:10338800DA223150DF123B50D8B4CDEF19F0CFEF2D
:1033980019F0ECEF19F03F50116E126A020E112667
:1033A800000E122212BEE4EF19F0125007E1120EBD
:1033B800115CD8B0E2EF19F0E4EF19F0ECEF19F076
:1033C8009E0E3F24D96EDA6A070EDA223B50DF12CE
:1033D800402A05EF18F09C0E0D6E070E0E6E120EA9
:1033E8000F6E23282BEC4AF03C2AE9EF17F0120065
:1033F800F2EC36F00501F06F030EF019D8A407EFD0
:103408001AF009EF1AF002EF1DF0F3EC44F02DEF7B
:103418001DF0F005D8A413EF1AF015EF1AF03BEFE2
:103428001AF0080E060170250501DA6F000E060174
:1034380071210501DB6F040EDB5DD8A026EF1AF0C1
:1034480028EF1AF02EEF1AF0030E0601716F70695B
:1034580033EF1AF0080E06017027000E712370C6AC
:1034680007F571C608F53AEC4BF070EF1AF0020E4A
:10347800F019D8A442EF1AF044EF1AF05BEF1AF0F3
:103488000601715107E1080E705DD8B04EEF1AF0D1
:1034980050EF1AF055EF1AF0716B000E706F33EFA2
:1034A8001AF0080E705F000E715B33EF1AF0040E0D
:1034B800F019D8A462EF1AF064EF1AF070EF1AF05E
:1034C8000E6A000E0D6EBCEC45F0010E0601866F0B
:1034D80010EC3EF02DEF1DF070C620F571C621F5F9
:1034E80071EC43F020C5DCF521C5DDF5000E0501C2
:1034F800BB6F210EBC6FFE0EBD6FDCC5BEF5DDC512
:10350800BFF5040EA1EC2BF060EC49F00BC520F5DB
:103518000CC521F5A4EC43F020C5DEF521C5DFF587
:1035280006015C510501DE190BE106015D5105013B
:10353800DF19D8B4A2EF1AF0A4EF1AF0B5EF1AF019
:10354800000EBB6F2E0EBC6FFE0EBD6FDEC5BEF546
:10355800DFC5BFF5050EA1EC2BF0DEC55CF6DFC5B7
:103568005DF6E7EC41F02DEF1DF0F005D8A4BFEFB4
:103578001AF0C1EF1AF0E6EF1AF0FF51DA6FDB6BC1
:10358800010EDA27000EDB23DB05D8A0CEEF1AF0F8
:10359800D0EF1AF0D3EF1AF0FF69D4EF1AF0FF2B2F
:1035A800FF5166EC4BF0000E0501BB6F140EBC6FAB
:1035B800FE0EBD6FFFC5BEF5BF6B040EA1EC2BF070
:1035C800B5EF1AF0020EF019D8A4EDEF1AF0EFEFEC
:1035D8001AF00DEF1BF0FF51D8A4F5EF1AF0F7EF32
:1035E8001AF0FAEF1AF0FF6BFBEF1AF0FF07FF5122
:1035F80066EC4BF0000E0501BB6F140EBC6FFE0E9F
:10360800BD6FFFC5BEF5BF6B040EA1EC2BF0B5EF87
:103618001AF0040EF019D8A414EF1BF016EF1BF0E3
:103628002DEF1DF06EC65AF56FC65BF55AC50DF540
:103638005BC50EF5BCEC45F0020E0601866F86EC04
:103648003FF02DEF1DF0F005D8A42DEF1BF02FEF64
:103658001BF05EEF1BF0100E5A24DA6F000E5B2091
:10366800DB6FDA290F0EDB59D8A03DEF1BF03FEFD7
:103678001BF044EF1BF00F0E5B6E5A6848EF1BF00F
:10368800100E5A26000E5B225AC50DF55BC50EF5C5
:10369800BCEC45F0000E0501BB6FED0EBC6FFE0ED5
:1036A800BD6F5AC5BEF55BC5BFF5030EA1EC2BF087
:1036B800B5EF1AF0020EF019D8A465EF1BF067EF0A
:1036C8001BF091EF1BF05B5007E1100E5A5CD8B06D
:1036D80070EF1BF072EF1BF077EF1BF05B6A000EC8
:1036E8005A6E7BEF1BF0100E5A5E000E5B5A5AC5DD
:1036F8000DF55BC50EF5BCEC45F0000E0501BB6F82
:10370800ED0EBC6FFE0EBD6F5AC5BEF55BC5BFF5AD
:10371800030EA1EC2BF0B5EF1AF0040EF019D8A4A3
:1037280098EF1BF09AEF1BF02DEF1DF05AC56EF6BF
:103738005BC56FF66CC65AF56DC65BF55AC50DF5D7
:103748005BC50EF5BCEC45F0030E0601866FCDECAB
:103758003FF02DEF1DF0F005D8A4B5EF1BF0B7EF43
:103768001BF0E6EF1BF0100E5A24DA6F000E5B20F8
:10377800DB6FDA290F0EDB59D8A0C5EF1BF0C7EFB6
:103788001BF0CCEF1BF00F0E5B6E5A68D0EF1BF0EE
:10379800100E5A26000E5B225AC50DF55BC50EF5B4
:1037A800BCEC45F0000E0501BB6FED0EBC6FFE0EC4
:1037B800BD6F5AC5BEF55BC5BFF5030EA1EC2BF076
:1037C800B5EF1AF0020EF019D8A4EDEF1BF0EFEFE9
:1037D8001BF019EF1CF05B5007E1100E5A5CD8B0D3
:1037E800F8EF1BF0FAEF1BF0FFEF1BF05B6A000E1F
:1037F8005A6E03EF1CF0100E5A5E000E5B5A5AC543
:103808000DF55BC50EF5BCEC45F0000E0501BB6F70
:10381800ED0EBC6FFE0EBD6F5AC5BEF55BC5BFF59C
:10382800030EA1EC2BF0B5EF1AF0040EF019D8A492
:1038380020EF1CF022EF1CF02DEF1DF05AC56CF69E
:103848005BC56DF6040E0601866FE1EC40F02DEFC6
:103858001DF0040EF019D8A434EF1CF036EF1CF05C
:1038680043EF1CF060EC49F00BC56AF60CC56BF62B
:10387800050E0601866F23EC41F02DEF1DF060EC7C
:1038880049F00BC5E0F50CC5E1F506015C510501F1
:10389800E0190BE106015D510501E119D8B457EFB4
:1038A8001CF059EF1CF02DEF1DF0000EBB6FA00EA1
:1038B800BC6FFE0EBD6FE0C5BEF5E1C5BFF5030EDA
:1038C800A1EC2BF0E0C55CF6E1C55DF6E7EC41F054
:1038D8002DEF1DF0040EF019D8A475EF1CF077EF4A
:1038E8001CF084EF1CF060EC49F00BC568F60CC5C1
:1038F80069F6060E0601866F61EC37F02DEF1DF0B4
:1039080060EC49F00BC5E2F50CC5E3F506015C5126
:103918000501E2190BE106015D510501E319D8B46F
:1039280098EF1CF09AEF1CF02DEF1DF0000EBB6F06
:10393800A00EBC6FFE0EBD6FE2C5BEF5E3C5BFF5B8
:10394800030EA1EC2BF0E2C55CF6E3C55DF6E7ECEF
:1039580041F02DEF1DF0040EF019D8A4B6EF1CF0BD
:10396800B8EF1CF02DEF1DF070C607F571C608F50D
:10397800A7EC4BF00501FF511FEC4BF06EC607F5A5
:103988006FC608F5C0EC4BF06CC607F56DC608F5B8
:10399800C5EC4BF0F4EC2FF06AC607F56BC608F5DA
:1039A800ACEC4BF068C607F569C608F5B1EC4BF00E
:1039B80075EC25F0CA0E0501E46FFFC5E5F570C684
:1039C800E6F571C6E7F56EC6E8F56FC6E9F56CC6AB
:1039D800EAF56DC6EBF56AC6ECF56BC6EDF568C69B
:1039E800EEF569C6EFF5E40E0F6E050E106E64EC89
:1039F80042F0030E14EC40F02DEF1DF00601865145
:103A08000501DA6FDB6BDB51000AD8B40EEF1DF04D
:103A18002DEF1DF0DA51000AD8B40DEF1AF0010AA3
:103A2800D8B4B9EF1AF0030AD8B427EF1BF0010A8B
:103A3800D8B4AFEF1BF0070AD8B42DEF1CF0010A79
:103A4800D8B46EEF1CF0030AD8B4AFEF1CF02DEF1A
:103A58001DF012000A50800B136E0A500A24156ECE
:103A680009AE39EF1DF03BEF1DF03CEF1DF015805E
:103A78001550D8B442EF1DF044EF1DF058EF1DF07B
:103A88001528D8A44AEF1DF04CEF1DF054EF1DF097
:103A9800000E076E000E086E000E096E000E0A6E0C
:103AA800098E0A6A60EF1DF0000E076E000E086EA0
:103AB800000E096E000E0A6E0E50800B146E135025
:103AC8001418D8B46AEF1DF06CEF1DF06DEF1DF0FF
:103AD800138C0E500E24146E0DAE75EF1DF077EF9B
:103AE8001DF078EF1DF014801450D8B47EEF1DF04F
:103AF80080EF1DF094EF1DF01428D8A486EF1DF078
:103B080088EF1DF090EF1DF0000E0B6E000E0C6E8E
:103B1800000E0D6E000E0E6E0D8E0E6A9CEF1DF0DF
:103B2800000E0B6E000E0C6E000E0D6E000E0E6E6B
:103B38001550145CD8B0A3EF1DF0A5EF1DF0CCEF25
:103B48001DF013ACAAEF1DF0ACEF1DF0AEEF1DF0A9
:103B5800800E131A15C516F514C515F516C514F5F6
:103B680007C516F50BC507F516C50BF508C516F5F7
:103B78000CC508F516C50CF509C516F50DC509F5EA
:103B880016C50DF50AC516F50EC50AF516C50EF5C6
:103B9800166A155014C50FF5106A0F5E000E105AFC
:103BA80010BEE0EF1DF0105009E11A0E0F5CD8A00E
:103BB800E0EF1DF0E2EF1DF019EF1EF007500810BE
:103BC80009100A10D8A4EBEF1DF0EEEF1DF0010E5E
:103BD800EFEF1DF0000E166E000E076E000E086E59
:103BE800000E096E000E0A6E14C515F522EF1EF0C0
:103BF80016A001EF1EF003EF1EF009EF1EF0D8909B
:103C080016300109166E0BEF1EF0D890163207A079
:103C180010EF1EF012EF1EF013EF1EF0168E0A348E
:103C28000A32093208320732152A1450155CD8A016
:103C380020EF1EF022EF1EF0FCEF1DF013BC27EF63
:103C48001EF029EF1EF069EF1EF01550D8A42FEFD3
:103C58001EF031EF1EF03BEF1EF0000E076E000E57
:103C6800086E000E096E000E0A6E88EF1FF00B50EA
:103C780007260C5008220D5009220E500A220AA0CD
:103C880048EF1EF04AEF1EF0F6EF1EF016A04FEFB9
:103C98001EF051EF1EF057EF1EF0D89016300109B4
:103CA800166E59EF1EF0D890163207A05EEF1EF080
:103CB80060EF1EF061EF1EF0168E0A340A320932E8
:103CC80008320732152AF6EF1EF00B50075C0C502D
:103CD80008580D5009580A50800A0F6E0E50800A75
:103CE8000F58D8B07AEF1EF07CEF1EF0A7EF1EF049
:103CF80007500B5C0F6E08500C58106E09500D5889
:103D0800116E0A500E58126EFF0E0F24076EFF0E2A
:103D18001020086EFF0E1120096EFF0E12200A6E89
:103D2800800E131A166C1650D8A49DEF1EF09FEF44
:103D38001EF0AFEF1EF0010E0726000E0822092222
:103D48000A22AFEF1EF00B50075E0C50085A0D50B8
:103D5800095A0E500A5A0750081009100A10D8A418
:103D6800B8EF1EF0BAEF1EF0EFEF1EF01650D8A411
:103D7800C0EF1EF0C2EF1EF0EFEF1EF0000E076E50
:103D8800000E086E000E096E000E0A6E88EF1FF016
:103D9800D8900736083609360A3616AED6EF1EF022
:103DA800D8EF1EF0D9EF1EF0078016A0DEEF1EF048
:103DB800E0EF1EF0E4EF1EF0D8801636E6EF1EF0B6
:103DC800D89016361550D8B4ECEF1EF0EEEF1EF072
:103DD800EFEF1EF0150609AEF4EF1EF0F6EF1EF039
:103DE800CCEF1EF0146A16AEFCEF1EF0FEEF1EF0CC
:103DF80016EF1FF016C50FF57F0E0F16D8B407EF94
:103E08001FF009EF1FF00DEF1FF0010E146E16EFF3
:103E18001FF007A012EF1FF014EF1FF016EF1FF0AE
:103E280009EF1FF01450D8B41CEF1FF01EEF1FF05D
:103E380049EF1FF0010E0726000E082209220A2268
:103E48000AA029EF1FF02BEF1FF049EF1FF007C55D
:103E58000FF508C510F509C511F50AC512F5123494
:103E68001232113210320F320FC507F510C508F59E
:103E780011C509F512C50AF51528D8B446EF1FF083
:103E880048EF1FF049EF1FF0152A1528D8B44FEF57
:103E98001FF051EF1FF059EF1FF01550D8A457EF3E
:103EA8001FF059EF1FF06AEF1FF0000E076E000EAB
:103EB800086E000E096E000E0A6E1550D8A467EF42
:103EC8001FF069EF1FF06AEF1FF0136A15A06FEF7C
:103ED8001FF071EF1FF074EF1FF0098E75EF1FF0E0
:103EE800099ED89015300A6E13AE7DEF1FF07FEF54
:103EF8001FF080EF1FF00A8E07C507F508C508F503
:103F080009C509F50AC50AF512000A50800B136E97
:103F18000A500A24196E09AE94EF1FF096EF1FF0AD
:103F280097EF1FF019801950D8B49DEF1FF09FEF3D
:103F38001FF0B2EF1FF01928D8A4A5EF1FF0A7EFC4
:103F48001FF0AFEF1FF0000E076E000E086E000E98
:103F5800096E000E0A6E098EBAEF1FF0000E076E8A
:103F6800000E086E000E096E000E0A6E0E50800BD1
:103F7800131A0E500E24186E0DAEC5EF1FF0C7EFC2
:103F88001FF0C8EF1FF018801850D8B4CEEF1FF0FC
:103F9800D0EF1FF0E3EF1FF01828D8A4D6EF1FF0DA
:103FA800D8EF1FF0E0EF1FF0000E0B6E000E0C6E46
:103FB800000E0D6E000E0E6E0D8EEBEF1FF0000E54
:103FC8000B6E000E0C6E000E0D6E000E0E6E18506D
:103FD800D8B4F1EF1FF0F3EF1FF0FBEF1FF019500B
:103FE800D8A4F9EF1FF0FBEF1FF005EF20F0000E4B
:103FF800076E000E086E000E096E000E0A6E9BEF2B
:1040080021F00D500702F3C41EF5F4C41FF51E502D
:10401800146E156A166A176A1F501A6E1B6A1C6A94
:104028001D6A0C500802F3C41EF5F4C41FF51E5097
:104038001426000E1522162217221F501A26000ECB
:104048001B221C221D220B500902F3C41EF5F4C4C6
:104058001FF51E501426000E1522162217221F5077
:104068001A26000E1B221C221D2216C517F515C57F
:1040780016F514C515F5146A0B500802F3C41EF59D
:10408800F4C41FF51E5014261F501522000E1622C8
:10409800000E17220C500702F3C41EF5F4C41FF5D6
:1040A8001E5014261F501522000E1622000E17222D
:1040B80016C517F515C516F514C515F5146A0B5070
:1040C8000702F3C41EF5F4C41FF51E5014261F5032
:1040D8001522000E1622000E17220D500802F3C4F6
:1040E8001EF5F4C41FF51E501A261F501B22000E81
:1040F8001C22000E1D220C500902F3C41EF5F4C444
:104108001FF51E501A261F501B22000E1C22000EDF
:104118001D220D500902F3C41EF5F4C41FF51E50EC
:104128000F6E1F50106E116A126A11C512F510C574
:1041380011F50FC510F50F6A0F501A2610501B22E3
:1041480011501C2212501D2214C50FF515C510F56B
:1041580016C511F517C512F5190EB8EF20F0D8904D
:104168001232113210320F32E82EB3EF20F00F5016
:104178001A2610501B2211501C2212501D2216C53F
:1041880017F515C516F514C515F5146A185019C58F
:104198000FF5106A0F26000E1022820E0F241E6ED5
:1041A800FF0E10201F6EEEEF20F0D8901A361B3647
:1041B8001C361D3617AEE3EF20F0E5EF20F0E6EFF2
:1041C80020F01A80D89014361536163617361E0683
:1041D800D8A01F061CAEF3EF20F0F5EF20F0D9EFC2
:1041E80020F0186A17AEFBEF20F0FDEF20F021EF6A
:1041F80021F0FF0E14140F6EFF0E1514106EFF0E33
:104208001614116E7F0E1714126E0F501010111025
:104218001210D8B412EF21F014EF21F018EF21F0AA
:10422800010E186E21EF21F01AA01DEF21F01FEFEB
:1042380021F021EF21F014EF21F01850D8B427EF26
:1042480021F029EF21F04DEF21F0010E1A26000E82
:104258001B221C221D221DA034EF21F036EF21F075
:104268004DEF21F01AC50FF51BC510F51CC511F54A
:104278001DC512F512341232113210320F320FC529
:104288001AF510C51BF511C51CF512C51DF51E4AFA
:104298001F2A1FBE58EF21F01F5008E11E28D8A082
:1042A80058EF21F05AEF21F064EF21F0000E1A6E5A
:1042B800000E1B6E800E1C6E7F0E1D6E91EF21F09E
:1042C8001FBE71EF21F01F5006E11E04D8B06FEF3A
:1042D80021F071EF21F07CEF21F0000E1A6E000E34
:1042E8001B6E000E1C6E000E1D6E136A91EF21F0FE
:1042F8001EC519F5FF0E1A16FF0E1B167F0E1C168B
:10430800000E1D1619A08BEF21F08DEF21F08EEF16
:1043180021F01C8ED89019301D6E13501D121AC52D
:1043280007F51BC508F51CC509F51DC50AF51200DA
:10433800F2EC36F00501E66F030EE619D8A4A7EFF4
:1043480021F0A9EF21F0AEEF21F0030E14EC40F0BC
:10435800ADEF23F034EC49F00BC5F1F50CC5F2F5DF
:10436800F1C513F5F2C514F5D2EC46F013C5EDF519
:1043780014C5EEF515C5EFF516C5F0F5F1C513F53D
:10438800F2C514F5F0EC46F013C5F7F514C5F8F5C9
:1043980015C5F9F516C5FAF506018851D8A4D7EF61
:1043A80021F0D9EF21F008EF22F00501FABFECEF78
:1043B80021F0FA510BE1CC0EF75DCC0EF859030E43
:1043C800F959D8B0EAEF21F0ECEF21F0F0EF21F045
:1043D800010EFB6F35EF22F0FABFFFEF21F0FA5123
:1043E8000CE1F705800EF859140EF959D8A0FFEF23
:1043F80021F001EF22F005EF22F0020EFB6F35EFFE
:1044080022F0FB6B35EF22F08805D8A40EEF22F0DE
:1044180010EF22F024EF22F00501FABF20EF22F07E
:10442800FA510CE1F705000EF859040EF959D8A015
:1044380020EF22F022EF22F0ECEF21F005EF22F03E
:104448000501FABF33EF22F0FA5107E1140EF95DC6
:10445800D8B031EF22F033EF22F001EF22F005EF70
:1044680022F0FB05D8A43BEF22F03DEF22F051EFFC
:1044780022F0990EF36F990EF46F030EF56F000E8C
:10448800F66F990E136E990E146E030E156E000ECC
:10449800166E60EC3EF086EF22F0020EFB19D8A4EF
:1044A80058EF22F05AEF22F06EEF22F0000EF36F71
:1044B800000EF46F150EF56F000EF66F000E136EFA
:1044C800000E146E150E156E000E166E60EC3EF0A2
:1044D80086EF22F0F7C5F3F5F8C5F4F5F9C5F5F55B
:1044E800FAC5F6F5F1C513F5F2C514F59EEC40F0E2
:1044F80013C5E4F514C5E5F5E4C50DF5E5C50EF5F8
:10450800BCEC45F00D0E0501DA6F2AC6DBF52BC6AB
:10451800DCF52CC6DDF52DC6DEF5DA6796EF22F060
:104528009EEF22F0DE35DE33DD33DC33DB33DA2F8A
:1045380091EF22F00D0E0501DF6FEDC5E0F5EEC538
:10454800E1F5EFC5E2F5F0C5E3F5DF67AEEF22F080
:10455800B6EF22F0E335E333E233E133E033DF2F24
:10456800A9EF22F00501DB51E0190FE1DC51E11957
:104578000CE1DD51E21909E1DE51E319D8B4C7EFC6
:1045880022F0C9EF22F0F4EF22F0EDC513F5EEC5E5
:1045980014F5EFC515F5F0C516F5E90E176E050EFD
:1045A800186EE70E196E050E1A6E10EC34F0000E38
:1045B8000501BB6FCE0EBC6FFD0EBD6FE9C5BEF524
:1045C800EAC5BFF5E7C5C0F5C16B020EA1EC2BF03B
:1045D800EDC52AF6EEC52BF6EFC52CF6F0C52DF67F
:1045E8000D0E0501DA6F26C6DBF527C6DCF528C6F1
:1045F800DDF529C6DEF5DA6704EF23F00CEF23F0CA
:10460800DE35DE33DD33DC33DB33DA2FFFEF22F048
:104618000D0E0501DF6FF3C5E0F5F4C5E1F5F5C54D
:10462800E2F5F6C5E3F5DF671CEF23F024EF23F08E
:10463800E335E333E233E133E033DF2F17EF23F0E1
:104648000501DB51E0190FE1DC51E1190CE1DD5105
:10465800E21909E1DE51E319D8B435EF23F037EF59
:1046680023F062EF23F0F3C513F5F4C514F5F5C58F
:1046780015F5F6C516F5EB0E176E050E186EE80E55
:10468800196E050E1A6E10EC34F0000E0501BB6FA2
:104698006F0EBC6FFE0EBD6FEBC5BEF5ECC5BFF56A
:1046A800E8C5C0F5C16B040EA1EC2BF0F3C526F6E6
:1046B800F4C527F6F5C528F6F6C529F6060188518A
:1046C8000501FB19D8B46BEF23F06DEF23F0ABEFC6
:1046D80023F090EF23F0000EBB6FB20EBC6FFD0EFF
:1046E800BD6F060EA1EC2BF0A9EF23F0000EBB6FF7
:1046F800A40EBC6FFD0EBD6F060EA1EC2BF0A9EF4A
:1047080023F0000EBB6F960EBC6FFD0EBD6F060E3C
:10471800A1EC2BF0A9EF23F0FB51DA6FDB6BDB5137
:10472800000AD8B49AEF23F0A9EF23F0DA51000A6F
:10473800D8B485EF23F0010AD8B46FEF23F0030A49
:10474800D8B47AEF23F0A9EF23F0FBC588F6E7EC9D
:1047580041F012000A50800B176E0A500A241E6E90
:1047680009AEB9EF23F0BBEF23F0BCEF23F01E80B6
:104778001E50D8B4C2EF23F0C4EF23F0D8EF23F0D3
:104788001E28D8A4CAEF23F0CCEF23F0D4EF23F0EF
:10479800000E076E000E086E000E096E000E0A6EFF
:1047A800098E0A6AE0EF23F0000E076E000E086E0D
:1047B800000E096E000E0A6E0E50800B171A0E506E
:1047C8000E241F6E0DAEEBEF23F0EDEF23F0EEEFAE
:1047D80023F01F801F50D8B4F4EF23F0F6EF23F036
:1047E8000AEF24F01F28D8A4FCEF23F0FEEF23F0F3
:1047F80006EF24F0000E0B6E000E0C6E000E0D6E10
:10480800000E0E6E0D8E0E6A12EF24F0000E0B6E67
:10481800000E0C6E000E0D6E000E0E6E0B500C107E
:104828000D100E10D8A41BEF24F01DEF24F035EF67
:1048380024F0000E076E000E086E000E096E000EC2
:104848000A6E800E09127F0E0A1217500A1207C547
:1048580007F508C508F509C509F50AC50AF574EF8D
:1048680025F01E50D8A43BEF24F03DEF24F047EF8D
:1048780024F0000E076E000E086E000E096E000E82
:104888000A6E74EF25F01F501EC50FF5106A0F5EF3
:10489800000E105A7F0E0F24186E000E1020196E8D
:1048A80007C513F508C514F509C515F50AC516F5A4
:1048B800000E076E000E086E000E096E000E0A6EDE
:1048C800000E1A6E000E1B6E000E1C6E000E1D6E82
:1048D8001F6AA7EF24F01F50D8B475EF24F077EFC4
:1048E80024F08EEF24F0D890133614361536163689
:1048F800D8900736083609360A361DAE86EF24F0FA
:1049080088EF24F089EF24F00780D8901A361B36F8
:104918001C361D360B50135C0C5014580D5015588E
:104928000E501658D8A09BEF24F09DEF24F0A6EF68
:1049380024F01D8C0B50135E0C50145A0D50155A50
:104948000E50165A1F2A190E1F64ADEF24F0AFEF50
:1049580024F06FEF24F01350141015101610D8B46B
:10496800B8EF24F0BAEF24F0D2EF24F01A80D2EF97
:1049780024F0D8900736083609360A361DAEC7EF38
:1049880024F0C9EF24F0CAEF24F00780D8901A3633
:104998001B361C361D361806D8A0190609AED7EFE7
:1049A80024F0D9EF24F0BDEF24F01F6A1DAEDFEF2D
:1049B80024F0E1EF24F005EF25F0FF0E1A140F6E36
:1049C800FF0E1B14106EFF0E1C14116E7F0E1D14AB
:1049D800126E0F50101011101210D8B4F6EF24F008
:1049E800F8EF24F0FCEF24F0010E1F6E05EF25F020
:1049F80007A001EF25F003EF25F005EF25F0F8EF0C
:104A080024F01F50D8B40BEF25F00DEF25F031EF4F
:104A180025F0010E0726000E082209220A220AA004
:104A280018EF25F01AEF25F031EF25F007C50FF53F
:104A380008C510F509C511F50AC512F51234123268
:104A4800113210320F320FC507F510C508F511C520
:104A580009F512C50AF5184A192A19BE3CEF25F0BE
:104A6800195008E11828D8A03CEF25F03EEF25F0B2
:104A780049EF25F0000E196E1868000E076E000E3B
:104A8800086E000E096E000E0A6E19BE56EF25F06C
:104A9800195006E11804D8B054EF25F056EF25F068
:104AA80062EF25F0196A000E186E000E076E000EF0
:104AB800086E000E096E000E0A6E176A18C51EF5FC
:104AC8001EA069EF25F06BEF25F06EEF25F0098E3B
:104AD8006FEF25F0099ED8901E300A6E29EF24F05A
:104AE8001200B6EC4BF007C527F508C528F5BBEC56
:104AF8004BF007C521F508C522F52750215C196E32
:104B0800285022581A6E1B6AD8A01B061B501C6E10
:104B180006010A510C5D296E0B510D592A6E2B6A3C
:104B2800D8A02B062B502C6E29502A102B102C1095
:104B3800D8A4A1EF25F0A3EF25F0ABEF25F0010EE7
:104B4800296E000E2A6E000E2B6E000E2C6E000EC3
:104B5800076E000E086E320E096E000E0A6E29C529
:104B68000BF52AC50CF52BC50DF52CC50EF503EC78
:104B780032F007C53AF608C53BF609C53CF60AC542
:104B88003DF60AC607F50BC608F5096A0A6A3AC669
:104B98000BF53BC60CF53CC60DF53DC60EF508EC0D
:104BA80043F0075000080601366F000E0854376FAF
:104BB800000E0954386F000E0A54396F3A513B11F0
:104BC8003C113D11D8B4EBEF25F0EDEF25F02CEFBB
:104BD80026F03651005D076E37510159086E38517D
:104BE8000259096E395103590A6E3AC60BF53BC68C
:104BF8000CF53CC60DF53DC60EF503EC32F007C5C5
:104C08002DF508C52EF509C52FF50AC530F506019D
:104C18003651045D076E37510559086E38510659EB
:104C2800096E395107590A6E3AC60BF53BC60CF5A1
:104C38003CC60DF53DC60EF503EC32F007C523F56D
:104C480008C524F509C525F50AC526F53CEF26F063
:104C5800000E2D6E000E2E6E000E2F6E000E306EA2
:104C6800FF0E236E0F0E246E000E256E000E266EAC
:104C78002D50235C316E2E502458326E2F502558FB
:104C8800336E30502658346E315032103310341091
:104C9800D8A451EF26F053EF26F05BEF26F0010E73
:104CA800316E000E326E000E336E000E346E000E42
:104CB800076E000E086E100E096E000E0A6E31C5E2
:104CC8000BF532C50CF533C50DF534C50EF503ECFF
:104CD80032F007C542F608C543F609C544F60AC5C9
:104CE80045F642C607F543C608F544C609F545C664
:104CF8000AF52DC50BF52EC50CF52FC50DF530C5DC
:104D08000EF508EC43F00750000806013E6F000E50
:104D180008543F6F040E0954406F000E0A54416F47
:104D280019C515F51AC516F51BC517F51CC518F5CF
:104D380016C518F515C517F5166A156A15C51DF5B2
:104D480016C51EF517C51FF518C520F51DC507F5AD
:104D58001EC508F51FC509F520C50AF531C50BF5AF
:104D680032C50CF533C50DF534C50EF503EC32F03C
:104D780007C532F608C533F609C534F60AC535F64F
:104D880032C607F533C608F534C609F535C60AF53F
:104D98002DC50BF52EC50CF52FC50DF530C50EF537
:104DA80008EC43F02750156E2850166E176A186ADB
:104DB80016C518F515C517F5166A156A0750155C56
:104DC80006012E6F085016582F6F09501758306F6C
:104DD8000A501858316F12002ABEF5EF26F0F8EF86
:104DE80026F0010EF9EF26F0000E396E59BEFFEFDE
:104DF80026F001EF27F003EF27F00501FE9359BED7
:104E08000AEF27F008EF27F00FEF27F0366A010EB8
:104E1800356E13EF27F058C535F559C536F558C620
:104E280037F559C638F53950D8A41DEF27F01FEFCC
:104E380027F027EF27F00501FEA525EF27F027EF3C
:104E480027F03EEF27F03706D8A038063950D8A407
:104E580030EF27F032EF27F037EF27F0346A2B0EC8
:104E6800336E3AEF27F0346A2D0E336E33C539F5B9
:104E78004AEF27F0FEA743EF27F045EF27F04AEF68
:104E880027F03706D8A03806200E396E3B6A4F0E39
:104E98003A6E0601DE6BCDEF27F03A06D8A03B0646
:104EA8008F0E3A24D96E060E3B20DA6E23C507F51D
:104EB80024C508F525C509F526C50AF527C50BF546
:104EC80028C50CF529C50DF52AC50EF50A0E0F6E75
:104ED800000E106E000E116E000E126E000E136E94
:104EE800000E146E000E156E000E166EABEC30F050
:104EF80007C52BF508C52CF509C52DF50AC52EF5EE
:104F08000BC52FF50CC530F50DC531F50EC532F5BD
:104F18002BC519F52CC51AF529EC48F01950300F96
:104F2800DF6E3506D8A036063706D8A0380623C562
:104F380007F524C508F525C509F526C50AF527C5C9
:104F48000BF528C50CF529C50DF52AC50EF50A0E71
:104F58000F6E000E106E000E116E000E126E000E17
:104F6800136E000E146E000E156E000E166E31ECE8
:104F78002FF007C523F508C524F509C525F50AC589
:104F880026F50BC527F50CC528F50DC529F50EC561
:104F98002AF53BBED8EF27F03B5008E13A04D8A0E9
:104FA800D8EF27F0DAEF27F00BEF28F02350241082
:104FB800251026102710281029102A10D8A4E7EF4A
:104FC80027F0E9EF27F051EF27F036BEF6EF27F08C
:104FD800365006E13504D8B0F4EF27F0F6EF27F0A5
:104FE80051EF27F038BE01EF28F0385008E13704B8
:104FF800D8A001EF28F003EF28F00BEF28F0050107
:10500800FEB309EF28F00BEF28F051EF27F03950E5
:10501800D8B411EF28F013EF28F01EEF28F03A0665
:10502800D8A03B068F0E3A24D96E060E3B20DA6EC6
:1050380039C5DFF421C517F522C518F58F0E3A24B6
:10504800196E060E3B201A6E37C51BF538C51CF5C0
:10505800B8EC3BF017C521F518C522F51200F2ECA3
:1050680036F00501EA6F4AEF29F0040EEA19D8A4D0
:1050780040EF28F042EF28F05BEF28F01EEC49F0F3
:105088000BC513F50CC514F5D2EC46F013C522F682
:1050980014C523F615C524F616C525F61DEC45F0EE
:1050A800AEEC3EF0010E0601876F65EF29F0030EA6
:1050B800EA19D8A462EF28F064EF28F069EF28F025
:1050C800030E14EC40F065EF29F01EEC49F00BC517
:1050D80013F50CC514F5D2EC46F013C5DCF514C570
:1050E800DDF515C5DEF516C5DFF5DCC513F5DDC53F
:1050F80014F5DEC515F5DFC516F5E60E176E050EB7
:10510800186EE40E196E050E1A6E10EC34F0000ECF
:105118000501BB6F880EBC6FFE0EBD6FE6C5BEF500
:10512800E7C5BFF5E4C5C0F5C16B040EA1EC2BF0D3
:10513800E7EC41F065EF29F0040EEA19D8A4A7EFCF
:1051480028F0A9EF28F0C2EF28F01EEC49F00BC5B3
:1051580013F50CC514F5D2EC46F013C51EF614C5AC
:105168001FF615C520F616C521F61DEC45F091EC85
:1051780034F0020E0601876F65EF29F0030EEA1975
:10518800D8A4C9EF28F0CBEF28F0D0EF28F0030E11
:1051980014EC40F065EF29F01EEC49F00BC513F54F
:1051A8000CC514F5D2EC46F013C5E0F514C5E1F5CD
:1051B80015C5E2F516C5E3F5E0C513F5E1C514F527
:1051C800E2C515F5E3C516F5E80E176E050E186E5F
:1051D800E50E196E050E1A6E10EC34F0000E05017E
:1051E800BB6F880EBC6FFE0EBD6FE8C5BEF5E9C586
:1051F800BFF5E5C5C0F5C16B040EA1EC2BF09CEF23
:1052080028F0040EEA19D8A40CEF29F00EEF29F0C3
:105218003CEF29F0060122511E190FE123511F19F5
:105228000CE12451201909E125512119D8B41FEFA7
:1052380029F021EF29F037EF29F022C607F523C618
:1052480008F524C609F525C60AF5DFEC4AF01EC69E
:1052580007F51FC608F520C609F521C60AF5E8ECCA
:105268004AF075EC25F0030E14EC40F065EF29F0D8
:10527800030EEA19D8A443EF29F045EF29F065EFAA
:1052880029F0030E14EC40F065EF29F00601875170
:105298000501DA6FDB6BDB51000AD8B456EF29F051
:1052A80065EF29F0DA51000AD8B439EF28F0010A7D
:1052B800D8B4A0EF28F0030AD8B405EF29F065EFB9
:1052C80029F0120059BE6BEF29F06DEF29F06FEF4E
:1052D80029F00501FE9359BE76EF29F074EF29F005
:1052E8007BEF29F0376A010E366E7FEF29F058C53B
:1052F80036F559C537F558C638F559C639F5225027
:105308002310241025102610271028102910D8A49F
:1053180090EF29F093EF29F0010E94EF29F0000E99
:105328003A6E0501FEA99BEF29F09DEF29F0A9EF40
:1053380029F03A50D8B4A3EF29F0A5EF29F0A9EF46
:1053480029F0FE0E3826FF0E3922780E2A18D8B416
:10535800B0EF29F0B2EF29F0B7EF29F0346A410E27
:10536800336EBAEF29F0346A610E336E33C535F502
:105378003D6A4F0E3C6E0601DE6B15EF2AF03C06C7
:10538800D8A03D0622500F0B3B6E0A0E3B60CFEFB4
:1053980029F0D1EF29F0D5EF29F0300E3B26D8EFD0
:1053A80029F03550F60F3B268F0E3C24D96E060E99
:1053B8003D20DA6E3BC5DFF43606D8A0370638063E
:1053C800D8A0390622C52BF523C52CF524C52DF503
:1053D80025C52EF526C52FF527C530F528C531F585
:1053E80029C532F5050E02EF2AF0D8903232313253
:1053F80030322F322E322D322C322B32E82EF9EF6A
:1054080029F02BC522F52CC523F52DC524F52EC56D
:1054180025F52FC526F530C527F531C528F532C540
:1054280029F53DBE21EF2AF03D5009E1020E3C5C12
:10543800D8A021EF2AF023EF2AF054EF2AF02250C7
:105448002310241025102610271028102910D8A45E
:1054580030EF2AF032EF2AF0C3EF29F037BE3FEFE2
:105468002AF0375006E13604D8B03DEF2AF03FEF76
:105478002AF0C3EF29F039BE4AEF2AF0395008E183
:105488003804D8A04AEF2AF04CEF2AF054EF2AF05B
:105498000501FEB352EF2AF054EF2AF0C3EF29F0CA
:1054A8000501FEA95AEF2AF05CEF2AF083EF2AF0F3
:1054B8003A50D8B462EF2AF064EF2AF083EF2AF06A
:1054C80058505910D8B46BEF2AF06DEF2AF083EFDB
:1054D8002AF03C06D8A03D068F0E3C24D96E060E55
:1054E8003D20DA6E2AC5DFF43C06D8A03D068F0EB3
:1054F8003C24D96E060E3D20DA6E300EDF6E20C5D4
:1055080017F521C518F58F0E3C24196E060E3D209F
:105518001A6E38C51BF539C51CF5B8EC3BF017C534
:1055280020F518C521F512000EC630F50FC631F565
:1055380010C632F511C633F520C530F521C531F551
:1055480022C532F523C533F5810E246EFF0E256E74
:1055580030C526F531C527F532C528F533C529F5F7
:10556800180EBCEF2AF0D89029322832273226327A
:10557800E82EB7EF2AF0265024242E6E000E2520A0
:105588002F6E2FBED1EF2AF02F5009E1170E2E5C97
:10559800D8A0D1EF2AF0D3EF2AF0DDEF2AF020C50A
:1055A80020F521C521F522C522F523C523F5A0EF55
:1055B8002BF02FBEE2EF2AF0E4EF2AF054EF2BF0A5
:1055C8002EC524F5FF0E256EFF0E266E7F0E276E64
:1055D800000E286E2466F3EF2AF0FBEF2AF0283439
:1055E8002832273226322532242EEEEF2AF025C51E
:1055F8002AF526C52BF527C52CF528C52DF52A50E3
:105608003014246E2B503114256E2C503214266E13
:105618002D503314276E2450251026102710D8A497
:1056280018EF2BF01AEF2BF01CEF2BF0D3EF2AF02A
:1056380030C524F531C525F532C526F533C527F51E
:10564800200E2CEF2BF0D890273226322532243228
:10565800E82E27EF2BF02450251026102710D8B459
:1056680038EF2BF03AEF2BF042EF2BF02A50302690
:105678002B5031222C5032222D5033222A1C246EDA
:105688002B1C256E2C1C266E2D1C276E24503016C4
:1056980025503116265032162750331698EF2BF026
:1056A80030C524F531C525F532C526F533C527F5AE
:1056B800200E64EF2BF0D890273226322532243280
:1056C800E82E5FEF2BF02450251026102710D8A4C1
:1056D80070EF2BF072EF2BF07CEF2BF0000E306E9A
:1056E800000E316E000E326E000E336E98EF2BF006
:1056F800D8903034246E3134256E3234266E3334EB
:10570800276E2450251026102710D8B48EEF2BF0C2
:1057180090EF2BF098EF2BF0000E306E000E316EEC
:10572800800E326EBF0E336E30C520F531C521F5BF
:1057380032C522F533C523F512000501CD6F090ED8
:105748000501CD61AAEF2BF0ACEF2BF092EF2CF016
:105758000C0EBB65B2EF2BF0B4EF2BF0B6EF2BF0CD
:1057680092EF2CF0BE0ECE6F050ECF6FAE0EA16F6E
:10577800070EA26FA46B0E0EA36FBCC5A5F5BDC521
:10578800A6F5CE0EA76F050EA86F88EC32F0A1C55E
:10579800C9F5A2C5CAF50501CABFD7EF2BF0D5EFE9
:1057A8002BF0DAEF2BF0CA6B000EC96FCABFE6EF19
:1057B8002BF0CA5109E10E0EC95DD8A0E6EF2BF017
:1057C800E8EF2BF0EBEF2BF0CA6B0D0EC96FBB5156
:1057D8000D08C76FC751C26FC36BC251C95DCA51AB
:1057E800800AC46FC351800AC459D8A0FEEF2BF0B9
:1057F80000EF2CF005EF2CF0C7C5C5F5C66B09EF17
:105808002CF0C9C5C5F5CAC5C6F5C5C5C8F5CB6B65
:105818003DEF2CF0AE0ECB25D96EDA6A070EDA22F0
:10582800CD510D0D750EF324C26F080EF420C36F11
:10583800BB51C227000EC323CB51C225E16E000E17
:10584800C321E26EDFC4E7F4CD510D0D000EF32441
:10585800C26F080EF420C36FBB51C227000EC323CA
:10586800CB51C225D96E000EC321DA6E8DC6DFF486
:10587800CB2BC851CB5DD8A044EF2CF046EF2CF0D1
:105888000EEF2CF0BB51C825CC6F0C0ECC654FEF3A
:105898002CF051EF2CF053EF2CF07BEF2CF0CD5186
:1058A8000D0D750EF324C26F080EF420C36FCC5192
:1058B800C225D96E000EC321DA6E200EDF6ECD51DF
:1058C8000D0D000EF324C26F080EF420C36FCC51E7
:1058D800C225D96E000EC321DA6EDF6ACC2B0C0EFE
:1058E800CC6579EF2CF07BEF2CF053EF2CF0CDC585
:1058F800C2F5010EC36F000EC46FC22B87EF2CF0E8
:10590800D890C337C437C22F84EF2CF00501C35198
:10591800060176130501C45106017713120059BE1A
:1059280098EF2CF09AEF2CF09CEF2CF00501FE93E9
:1059380059BEA3EF2CF0A1EF2CF0A8EF2CF0336A9E
:10594800010E326EACEF2CF058C532F559C533F55F
:1059580058C634F559C635F5376A4F0E366E060106
:10596800DE6B2DEF2DF03606D8A037068F0E3624C5
:10597800D96E060E3720DA6E22C507F523C508F55D
:1059880024C509F525C50AF526C50BF527C50CF567
:1059980028C50DF529C50EF50A0E0F6E000E106EFE
:1059A800000E116E000E126E000E136E000E146EB5
:1059B800000E156E000E166E35EC38F007C52AF588
:1059C80008C52BF509C52CF50AC52DF50BC52EF50F
:1059D8000CC52FF50DC530F50EC531F52A50300F21
:1059E800DF6E3206D8A033063406D8A0350622C5A5
:1059F80007F523C508F524C509F525C50AF526C503
:105A08000BF527C50CF528C50DF529C50EF50A0EA9
:105A18000F6E000E106E000E116E000E126E000E4C
:105A2800136E000E146E000E156E000E166E7AECD4
:105A380036F007C522F508C523F509C524F50AC5BA
:105A480025F50BC526F50CC527F50DC528F50EC59A
:105A580029F536503710D8B434EF2DF036EF2DF045
:105A680067EF2DF022502310241025102610271040
:105A780028102910D8A443EF2DF045EF2DF0B7EFEB
:105A88002CF033BE52EF2DF0335006E13204D8B07B
:105A980050EF2DF052EF2DF0B7EF2CF035BE5DEF43
:105AA8002DF0355008E13404D8A05DEF2DF05FEFFC
:105AB8002DF067EF2DF00501FEB365EF2DF067EFD0
:105AC8002DF0B7EF2CF020C517F521C518F58F0E6E
:105AD8003624196E060E37201A6E34C51BF535C5E7
:105AE8001CF5B8EC3BF017C520F518C521F51200D8
:105AF80059BE81EF2DF083EF2DF085EF2DF00501D4
:105B0800FE9359BE8CEF2DF08AEF2DF091EF2DF01A
:105B1800336A010E326E95EF2DF058C532F559C52E
:105B280033F558C634F559C635F5386A4F0E376E11
:105B38000601DE6B366AE5EF2DF03706D8A0380689
:105B48002250070B366E8F0E3724D96E060E38207A
:105B5800DA6E3650300FDF6E3206D8A033063406C0
:105B6800D8A0350622C52AF523C52BF524C52CF562
:105B780025C52DF526C52EF527C52FF528C530F5E1
:105B880029C531F5040ED2EF2DF0D89031323032DC
:105B98002F322E322D322C322B322A32E82EC9EFF8
:105BA8002DF02AC522F52BC523F52CC524F52DC5C6
:105BB80025F52EC526F52FC527F530C528F531C59D
:105BC80029F538BEF0EF2DF0385008E13704D8A099
:105BD800F0EF2DF0F2EF2DF023EF2EF022502310EE
:105BE800241025102610271028102910D8A4FFEFFC
:105BF8002DF001EF2EF0A1EF2DF033BE0EEF2EF0B9
:105C0800335006E13204D8B00CEF2EF00EEF2EF030
:105C1800A1EF2DF035BE19EF2EF0355008E1340410
:105C2800D8A019EF2EF01BEF2EF023EF2EF0050170
:105C3800FEB321EF2EF023EF2EF0A1EF2DF036501A
:105C4800D8A429EF2EF02BEF2EF034EF2EF0585079
:105C58005910D8A432EF2EF034EF2EF04AEF2EF080
:105C68000501FEA93AEF2EF03CEF2EF04AEF2EF098
:105C78003706D8A038068F0E3724D96E060E38207E
:105C8800DA6E300EDF6E3406D8A0350620C517F55B
:105C980021C518F58F0E3724196E060E38201A6E96
:105CA80034C51BF535C51CF5B8EC3BF017C520F518
:105CB80018C521F5120012C51AF513C51BF51A509F
:105CC8001B10D8A46AEF2EF06CEF2EF070EF2EF0B8
:105CD800CA0E1A6EFF0E1B6E1D6A000E1C6E77EF41
:105CE8002EF01C4A1D2A1C501A24146E1D501B200D
:105CF800156E14C5F6F415C5F7F4000EF86E150EFA
:105D0800F76403D00800F55005D0F6C4E9F4F7C4E9
:105D1800EAF4EF500009D8A494EF2EF096EF2EF095
:105D280075EF2EF059BE9BEF2EF09DEF2EF0B0EFE1
:105D38002EF01C50585C5950800A146E1D50800A71
:105D48001458D8B0AAEF2EF0ACEF2EF0B0EF2EF02A
:105D580058C51CF559C51DF51CC516F51DC517F503
:105D680058C618F559C619F50501FEB1BEEF2EF053
:105D7800C0EF2EF0FBEF2EF0CDEF2EF0086A200ECC
:105D8800076E10C509F511C50AF503EC39F01C4A70
:105D98001D2A18501C5C1D50800A146E1950800A68
:105DA8001458D8A0DAEF2EF0DCEF2EF0C2EF2EF068
:105DB800FBEF2EF01AC5F6F41BC5F7F4000EF86ECB
:105DC800150EF76403D00800F55005D0F6C4E9F4C1
:105DD800F7C4EAF4EF50146E1450076E086A10C541
:105DE80009F511C50AF503EC39F01A4A1B2A1606FB
:105DF800D8A01706162806E11728D8A406EF2FF012
:105E080008EF2FF0DEEF2EF00501FEA10EEF2FF0C8
:105E180010EF2FF02CEF2FF01DEF2FF0086A200E57
:105E2800076E10C509F511C50AF503EC39F01C4ACF
:105E38001D2A18501C5C1D50800A146E1950800AC7
:105E48001458D8A02AEF2FF02CEF2FF012EF2FF0D4
:105E58001CC510F51DC511F51200186A16BE39EFDC
:105E68002FF037EF2FF04BEF2FF0161E151E141ED4
:105E7800131E121E111E101E0F6C000E102211226E
:105E880012221322142215221622010E186E0EBE9B
:105E980052EF2FF050EF2FF064EF2FF00E1E0D1E73
:105EA8000C1E0B1E0A1E091E081E076C000E082277
:105EB80009220A220B220C220D220E22010E181A88
:105EC80021EE19F1070EDE6AE806FDE20F50101008
:105ED800111012101310141015101610D8B477EFF3
:105EE8002FF079EF2FF0CBEF2FF0010E176E87EF21
:105EF8002FF0D8900F361036113612361336143666
:105F080015361636172A16AE8CEF2FF08EEF2FF0B7
:105F18007DEF2FF0D89019361A361B361C361D36F1
:105F28001E361F3620360F50075C10500858115087
:105F3800095812500A5813500B5814500C58155041
:105F48000D5816500E58D8A0ACEF2FF0AEEF2FF02A
:105F5800BFEF2FF00F50075E1050085A1150095A22
:105F680012500A5A13500B5A14500C5A15500D5A05
:105F780016500E5A1980D890163215321432133230
:105F88001232113210320F32172E8EEF2FF01850B6
:105F9800D8B4D1EF2FF0D3EF2FF0E3EF2FF0201E7E
:105FA8001F1E1E1E1D1E1C1E1B1E1A1E196C000EF7
:105FB8001A221B221C221D221E221F22202219C542
:105FC80007F51AC508F51BC509F51CC50AF51DC551
:105FD8000BF51EC50CF51FC50DF520C50EF51200F5
:105FE80006017C517A5D1D6E7D517B591E6E1F6ABC
:105FF800D8A01F061F50206E1DC515F51EC516F525
:106008001FC517F520C518F50C0ED890153616368D
:1060180017361836E82E09EF30F015C552F616C5B2
:1060280053F617C554F618C555F652C615F553C696
:1060380016F554C617F555C618F5020ED89015363C
:10604800163617361836E82E22EF30F07C51196EC6
:106058007D511A6E1B6A1C6A1AC51CF519C51BF5F9
:106068001A6A196A1550195C4E6F16501A584F6FF4
:1060780017501B58506F18501C58516F53C615F5C0
:1060880054C616F555C617F5186A17BE186815C50B
:1060980021F516C522F517C523F518C524F5215095
:1060A800221023102410D8B45CEF30F05EEF30F0EB
:1060B8007AEF30F0000E076E000E086E000E096EC3
:1060C800010E0A6E21C50BF522C50CF523C50DF589
:1060D80024C50EF503EC32F007C54AF608C54BF6A1
:1060E80009C54CF60AC54DF682EF30F0000E4A6F2E
:1060F800000E4B6F000E4C6F000E4D6F100E156E9C
:106108004EC616F54FC617F550C618F551C619F5FF
:10611800156691EF30F099EF30F0193419321832D2
:1061280017321632152E8CEF30F0161E171E181E59
:10613800191E162A000E17221822192216C546F60D
:1061480017C547F618C548F619C549F61200186A62
:106158000EBEB3EF30F0B1EF30F0C5EF30F00E1EE9
:106168000D1E0C1E0B1E0A1E091E081E076C000EB3
:10617800082209220A220B220C220D220E22010ECD
:10618800186E16BECCEF30F0CAEF30F0DCEF30F00E
:10619800161E151E141E131E121E111E101E0F6C25
:1061A800000E102211221222132214221522162266
:1061B8000F50101011101210131014101510161083
:1061C800D8B4E9EF30F0EBEF30F033EF31F0010EF7
:1061D800176EF9EF30F0D8900F36103611361236A8
:1061E8001336143615361636172A16AEFEEF30F06B
:1061F80000EF31F0EFEF30F00F50075C1050085807
:106208001150095812500A5813500B5814500C5872
:1062180015500D5816500E58D8A015EF31F017EF3D
:1062280031F027EF31F00F50075E1050085A115027
:10623800095A12500A5A13500B5A14500C5A155036
:106248000D5A16500E5AD89016321532143213328F
:106258001232113210320F32172E00EF31F018506F
:10626800D8B439EF31F03BEF31F04BEF31F00E1E7F
:106278000D1E0C1E0B1E0A1E091E081E076C000EA2
:10628800082209220A220B220C220D220E2207C5FF
:1062980007F508C508F509C509F50AC50AF50BC5C6
:1062A8000BF50CC50CF50DC50DF50EC50EF5120058
:1062B800F2EC36F00501E06F030EE019D8A467EFA1
:1062C80031F069EF31F06EEF31F0030E14EC40F06D
:1062D80002EF32F006018A51D8B475EF31F077EF4A
:1062E80031F09AEF31F0400E74250501DA6F000E97
:1062F800060175210501DB6FDA290F0EDB59D8A0DD
:1063080088EF31F08AEF31F091EF31F00F0E06018E
:10631800756F74698A6B96EF31F0400E0601742729
:10632800000E7523010E896FB2EF31F0755107E148
:10633800400E745DD8B0A3EF31F0A5EF31F0ACEFAB
:1063480031F0756B000E746F010E8A6F96EF31F0A5
:10635800400E745F000E755B96EF31F08951D8B42A
:10636800B8EF31F0BAEF31F002EF32F0896B74C652
:106378000DF575C60EF5BCEC45F074C613F575C67B
:1063880014F53DEC43F013C5DCF514C5DDF515C572
:10639800DEF516C5DFF5DCC513F5DDC514F5DEC57C
:1063A80015F5DFC516F5E20E176E050E186EE10E2F
:1063B800196E050E1A6E10EC34F0000E0501BB6F55
:1063C800030EBC6FFF0EBD6FE2C5BEF5E3C5BFF59A
:1063D800E1C5C0F5C16B030EA1EC2BF0000E050161
:1063E800BB6FC20EBC6FFF0EBD6F74C6BEF575C61F
:1063F800BFF5060EA1EC2BF0E7EC41F01200106A95
:106408000EBE0BEF32F009EF32F015EF32F00E1E30
:106418000D1E0C1E0B6C000E0C220D220E22010EFE
:10642800106E0ABE1CEF32F01AEF32F026EF32F08F
:106438000A1E091E081E076C000E082209220A22DD
:10644800010E101A000E116E000E126E000E136E61
:10645800000E146E0B500C100D100E10D8B437EF40
:1064680032F039EF32F06FEF32F0010E0F6E43EF7A
:1064780032F0D8900B360C360D360E360F2A0EAE8B
:1064880048EF32F04AEF32F03DEF32F0D890113653
:106498001236133614360B50075C0C5008580D5042
:1064A80009580E500A58D8A05CEF32F05EEF32F06F
:1064B80067EF32F00B50075E0C50085A0D50095A1E
:1064C8000E500A5A1180D8900E320D320C320B320F
:1064D8000F2E4AEF32F01050D8B475EF32F077EF44
:1064E80032F07FEF32F0141E131E121E116C000ED4
:1064F80012221322142211C507F512C508F513C577
:1065080009F514C50AF51200800E0501A45DD8A08E
:1065180090EF32F092EF32F09BEF32F006015B6BB6
:106528004B0E5A6F0501A169A2690AEF33F0A1C5A4
:10653800B0F5A2C5B1F5A45109E1020EA35DD8A03A
:10654800A8EF32F0AAEF32F0B5EF32F0FF0EA32534
:10655800B96FFF0EA421BA6FB36B000EB26FBBEF19
:1065680032F0BA6B010EB96FB36B010EB26FB00E99
:10657800526E050E536EA5C554F5A6C555F5A7C5AB
:1065880056F5A8C557F53BEC44F052C5AEF553C5D2
:10659800AFF50501A351A411D8B4D5EF32F0D7EF68
:1065A80032F006EF33F0AFBFDCEF32F0DEEF32F05F
:1065B80006EF33F0FF0EA325A96FFF0EA421AA6FE3
:1065C800A951AE5DAF51800AAB6FAA51800AAB5991
:1065D800D8A0F1EF32F0F3EF32F0FBEF32F0FF0E1C
:1065E800A325AC6FFF0EA421AD6FFFEF32F0AEC54F
:1065F800ACF5AFC5ADF5AC51A125D96EAD51A22111
:10660800DA6EDF6AAEC5A1F5AFC5A2F5120009348E
:106618000A34106E1050D8A414EF33F016EF33F08C
:1066280020EF33F0000E076E000E086E000E096EA4
:10663800000E0A6E8DEF33F007C50BF508C50CF593
:1066480009C50DF50AC50EF5200E30EF33F0D890C8
:106658000E320D320C320B32E82E2BEF33F00B508A
:106668000F6E098EFF0E0716FF0E0816FF0E09168D
:10667800000E0A16960E105E10BE47EF33F045EF77
:1066880033F05DEF33F01050800A970FD8B04FEF1A
:1066980033F051EF33F053EF33F016EF33F0D89077
:1066A8000A32093208320732103E53EF33F075EFE1
:1066B80033F01F0E106463EF33F065EF33F06DEFC6
:1066C80033F016EF33F0D8900736083609360A3615
:1066D80010061050D8A473EF33F075EF33F067EF5E
:1066E80033F00F50D8B47BEF33F07DEF33F085EF04
:1066F80033F00A1E091E081E076C000E0822092224
:106708000A2207C507F508C508F509C509F50AC528
:106718000AF51200000E2014286E000E2114296EAE
:10672800800E22142A6E7F0E23142B6E28502910F7
:106738002A102B10D8A4A3EF33F0A5EF33F0ADEF58
:1067480033F0000E206E000E216E000E226E000E39
:10675800236E000E2414286E000E2514296E800E58
:1067680026142A6E7F0E27142B6E285029102A1003
:106778002B10D8A4C2EF33F0C4EF33F0CCEF33F0D2
:10678800000E246E000E256E000E266E000E276E7B
:1067980023AED1EF33F0D3EF33F0DCEF33F0206CDE
:1067A800211ED8B0212A221ED8B0222A800E2356B4
:1067B80027AEE1EF33F0E3EF33F0ECEF33F0246C86
:1067C800251ED8B0252A261ED8B0262A800E275680
:1067D800000E201A000E211A000E221A800E231A0B
:1067E800000E241A000E251A000E261A800E271AEB
:1067F8002450205C255021582650225827502358D1
:10680800D8B009EF34F00BEF34F00EEF34F0D89035
:106818000FEF34F0D880120016BE15EF34F018EFE1
:1068280034F0010E19EF34F0000E276E2750D8B45B
:1068380020EF34F022EF34F03DEF34F013C51BF5B0
:1068480014C51CF515C51DF516C51EF51B1E1C1E09
:106858001D1E1E1E1B2A000E1C221D221E221BC5C9
:1068680023F51CC524F51DC525F51EC526F545EFE0
:1068780034F013C523F514C524F515C525F516C53B
:1068880026F525C521F526C522F523C51FF524C5FE
:1068980020F51FC507F520C508F5096A0A6A0A0E1A
:1068A8000B6E000E0C6E000E0D6E000E0E6E08ECD8
:1068B80043F0110E65EF34F0D8900A3209320832ED
:1068C8000732E82E60EF34F0075019C5D9F41AC51D
:1068D800DAF4DF6E2750D8B474EF34F076EF34F082
:1068E80088EF34F021C51BF522C51CF51B1E1C1EA4
:1068F8001B4A1C2A17C5D9F418C5DAF41BC5DEF4DF
:106908001CC5DDF490EF34F017C5D9F418C5DAF4D6
:1069180021C5DEF422C5DDF41200010E40EC4BF077
:10692800000E0501BB6F7A0EBC6FFD0EBD6F000E29
:10693800A1EC2BF0010E076E000EBFEC3DF0000E2F
:1069480040EC4BF0000E0501BB6FD70EBC6FFE0E7E
:10695800BD6F010EA1EC2BF022C613F523C614F56A
:1069680024C615F525C616F5D20E176E050E186E37
:10697800D00E196E050E1A6E10EC34F0000E0501DB
:10698800BB6F300EBC6FFD0EBD6FD2C5BEF5D3C553
:10699800BFF5D0C5C0F5C16B030EA1EC2BF01EC628
:1069A80013F51FC614F520C615F521C616F5D40E25
:1069B800176E050E186ED10E196E050E1A6E10ECB4
:1069C80034F0000E0501BB6F1F0EBC6FFD0EBD6FCE
:1069D800D4C5BEF5D5C5BFF5D1C5C0F5C16B040E8C
:1069E800A1EC2BF0000E0501BB6F870EBC6FFF0EEC
:1069F800BD6F070EA1EC2BF0000E0501BB6F0E0E4C
:106A0800BC6FFF0EBD6F080EA1EC2BF0E7EC41F058
:106A1800120012C611F513C612F514C613F515C6E1
:106A280014F507C511F508C512F509C513F50AC50A
:106A380014F511C50BF512C50CF513C50DF514C5E4
:106A48000EF5180E2DEF35F0D8900E320D320C32AF
:106A58000B32E82E28EF35F00B500F6E106A0F50EE
:106A68001010D8A43AEF35F03CEF35F05AEF35F076
:106A7800D89011340B6E12340C6E13340D6E14341E
:106A88000E6E0B500C100D100E10D8A44EEF35F0F2
:106A980050EF35F055EF35F0086A020E076E88EFB3
:106AA80035F0086A030E076E88EF35F00F281010CE
:106AB800D8A461EF35F063EF35F085EF35F011C5F7
:106AC8000BF512C50CF513C50DF514C50EF5090E19
:106AD800D8900B360C360D360E36E82E6CEF35F0A6
:106AE8000B500C100D100E10D8B47DEF35F080EF60
:106AF80035F0010E81EF35F0000E076E086A88EF59
:106B080035F0086A040E076E1200F2EC36F0050143
:106B1800DC6F020EDC19D8A494EF35F096EF35F04F
:106B2800B3EF35F0000E076E5C50020FBFEC3DF07E
:106B3800010E5C24076E086A000E08220A6A070E16
:106B4800096EC1EC3CF007505C6E010E076E5C509C
:106B5800020FBFEC3DF0E7EC41F001EF36F0DC0549
:106B6800D8A4B9EF35F0BBEF35F0E0EF35F0000E03
:106B7800076E5C50020FBFEC3DF05C50D8B4C7EF15
:106B880035F0C9EF35F0D2EF35F0FF0E5C24050182
:106B9800DA6FDB6BFF0EDB23D6EF35F00501DB6B1D
:106BA800060EDA6FDAC55CF5010E076E5C50020F4F
:106BB800BFEC3DF0AFEF35F0050EDC19D8A4E7EFD8
:106BC80035F0E9EF35F001EF36F0060E5C18D8A481
:106BD800F0EF35F0F2EF35F0F4EF35F049EC47F02F
:106BE800ED0E5C24F66EF76ACF0EF722F86A000EF7
:106BF800F8220800F55014EC40F012001DEC45F0A6
:106C08004AEC49F0000E0501BB6F360EBC6FFF0E53
:106C1800BD6F010EA1EC2BF0000E0501BB6FC10E7C
:106C2800BC6FFE0EBD6F020EA1EC2BF0000E05012D
:106C3800BB6F7C0EBC6FFE0EBD6F030EA1EC2BF07C
:106C480070C620F571C621F571EC43F020C5D0F56A
:106C580021C5D1F5000E0501BB6F210EBC6FFE0EDC
:106C6800BD6FD0C5BEF5D1C5BFF5040EA1EC2BF0A4
:106C780060EC49F00BC520F50CC521F5A4EC43F0F8
:106C880020C5D2F521C5D3F5000E0501BB6F2E0E28
:106C9800BC6FFE0EBD6FD2C5BEF5D3C5BFF5050EE0
:106CA800A1EC2BF0000E0501BB6FF80EBC6FFD0EBA
:106CB800BD6F060EA1EC2BF0000E0501BB6FA20EF6
:106CC800BC6FFF0EBD6F070EA1EC2BF0000E050187
:106CD800BB6F0E0EBC6FFF0EBD6F080EA1EC2BF044
:106CE80006015C695D69E7EC41F0120021EE17F1DD
:106CF800070EDE6AE806FDE20F50101011101210A0
:106D08001310141015101610D8B48DEF36F08FEF3D
:106D180036F0E1EF36F0010E1F6E9DEF36F0D89099
:106D28000F36103611361236133614361536163617
:106D38001F2A16AEA2EF36F0A4EF36F093EF36F026
:106D4800D8901736183619361A361B361C361D36A3
:106D58001E360F50075C1050085811500958125031
:106D68000A5813500B5814500C5815500D581650FB
:106D78000E58D8A0C2EF36F0C4EF36F0D5EF36F093
:106D88000F50075E1050085A1150095A12500A5AEB
:106D980013500B5A14500C5A15500D5A16500E5ABF
:106DA8001780D8901632153214321332123211323B
:106DB80010320F321F2EA4EF36F017C507F518C58D
:106DC80008F519C509F51AC50AF51BC50BF51CC543
:106DD8000CF51DC50DF51EC50EF51200D69E8CC608
:106DE80008F506018C6BD68E0850D8A4FEEF36F055
:106DF80000EF37F003EF37F0000E60EF37F0076A67
:106E080008A009EF37F00BEF37F00CEF37F0072A3F
:106E180008A211EF37F013EF37F014EF37F0072A15
:106E280008A419EF37F01BEF37F01CEF37F0072AEB
:106E380008A621EF37F023EF37F024EF37F0072AC1
:106E480008A829EF37F02BEF37F02CEF37F0072A97
:106E5800010E076432EF37F034EF37F037EF37F0D1
:106E6800060E60EF37F008A03CEF37F03EEF37F042
:106E780041EF37F0010E60EF37F008A246EF37F028
:106E880048EF37F04BEF37F0020E60EF37F008A409
:106E980050EF37F052EF37F055EF37F0030E60EF51
:106EA80037F008A65AEF37F05CEF37F05FEF37F0AE
:106EB800040E60EF37F0050E12001DEC45F04AECA9
:106EC80049F0000E0501BB6F6C0EBC6FFF0EBD6F65
:106ED800010EA1EC2BF0000E0501BB6FB20EBC6FCA
:106EE800FF0EBD6F70C6BEF571C6BFF5020EA1ECF0
:106EF8002BF0000E0501BB6F7E0EBC6FFF0EBD6F41
:106F0800FFC5BEF5BF6B030EA1EC2BF0000E05010B
:106F1800BB6FAA0EBC6FFF0EBD6F6EC6BEF56FC607
:106F2800BFF5040EA1EC2BF0000E0501BB6F750E2A
:106F3800BC6FFF0EBD6F6CC6BEF56DC6BFF5050E06
:106F4800A1EC2BF0000E0501BB6FCC0EBC6FFE0E42
:106F5800BD6F6AC6BEF56BC6BFF5060EA1EC2BF079
:106F6800000E0501BB6F870EBC6FFF0EBD6F070ECD
:106F7800A1EC2BF0000E0501BB6F0E0EBC6FFF0ECF
:106F8800BD6F080EA1EC2BF0E7EC41F012000601F2
:106F980058515911D8A4D3EF37F0D5EF37F0DBEFBC
:106FA80037F058C616F559C617F5E1EF37F0FF0E5A
:106FB8005825166EFF0E5921176E0501FEA1E7EF41
:106FC80037F0E9EF37F0F2EF37F012C507F5086A46
:106FD80010C509F511C50AF503EC39F017BEF7EF2E
:106FE80037F0F9EF37F0FBEF37F0FEEF37F0176ABD
:106FF800000E166E156A000E146E0EEF38F0086A51
:10700800200E076E10C509F511C50AF503EC39F015
:10701800144A152A1650145C1550800A136E17501E
:10702800800A1358D8A01BEF38F01DEF38F003EF93
:1070380038F00501FEB123EF38F025EF38F02EEFD8
:1070480038F012C507F5086A10C509F511C50AF523
:1070580003EC39F0010E1424106E000E1520116E89
:1070680012000F50101011101210131014101510D8
:107078001610D8B442EF38F044EF38F08CEF38F0FF
:10708800010E176E52EF38F0D8900F3610361136C1
:1070980012361336143615361636172A16AE57EF2B
:1070A80038F059EF38F048EF38F00F50075C1050BF
:1070B80008581150095812500A5813500B581450B8
:1070C8000C5815500D5816500E58D8A06EEF38F0C1
:1070D80070EF38F080EF38F00F50075E1050085A04
:1070E8001150095A12500A5A13500B5A14500C5A7C
:1070F80015500D5A16500E5AD890163215321432B1
:1071080013321232113210320F32172E59EF38F073
:1071180007C507F508C508F509C509F50AC50AF53B
:107128000BC50BF50CC50CF50DC50DF50EC50EF50B
:107138001200000184BFA3EF38F0A5EF38F002EF8A
:1071480039F00750050DC90EF324F66ECF0EF42062
:10715800F76EF86A000EF8220800F5C484F00750AC
:10716800050D010EF326000EF422C90EF324F66E67
:10717800CF0EF420F76EF86A000EF8220800F5C466
:1071880085F00750050D020EF326000EF422C90EF5
:10719800F324F66ECF0EF420F76EF86A000EF8228C
:1071A8000800F550FC0B866F0750050D030EF326FB
:1071B800000EF422C90EF324F66ECF0EF420F76EFB
:1071C800F86A000EF8220800F5C489F00750050D8A
:1071D800040EF326000EF422C90EF324F66ECF0E29
:1071E800F420F76EF86A000EF8220800F5C48CF057
:1071F800010149950001848F02EF39F0120009500E
:107208000A10D8B40AEF39F00CEF39F015EF39F05D
:1072180009500A10D8A413EF39F015EF39F01AEF16
:1072280039F0075018EC4CF067EF39F020EE09F010
:107238000950D9260A50DA22DE50DE10D8B427EFDA
:1072480039F029EF39F044EF39F020EE09F0095010
:10725800D9260A50DA2210EE02F00950E1260A5027
:10726800E222DE50E65CE650800A0F6EDE50800AAD
:107278000F58D8B042EF39F044EF39F067EF39F0E2
:1072880020EE02F00950D9260A50DA22DEC40BF5A6
:10729800DDC40CF509C5D9F40AC5DAF4DEC40DF568
:1072A800DDC40EF50B500D24D96E0C500E20DA6E8D
:1072B80007C5DFF420EE02F00950D9260A50DA2279
:1072C800DE2A000EDD2212000101406B416B426B89
:1072D8000401026B0A6B126BFB0E0101486FCC0EA6
:1072E800496F7F0E4A6F080E4C6F04010069C00E8B
:1072F800086F980E106F016B096B670E116F216B89
:1073080003690B69136904690C691469080E246F11
:107318000201866B856B886B876B0B0E6B6F1E0E7D
:107328000A6F250E186F0A0E6A6F1D0E0B6F040187
:10733800056B066B076B3D6B3E6B3F6B0D6B0E6B06
:107348000F6B156B670E166F176B256B266B276B0C
:107358003A0E076E980E086ED9EC4BF03C0E076E8D
:10736800980E086EDEEC4BF0360E076E980E086E1F
:10737800CFEC4BF03E0E076E980E086EE3EC4BF028
:10738800380E076E980E086ED4EC4BF0A78E1200DC
:10739800F2EC36F00501DC6F030EDC19D8A4D7EF48
:1073A80039F0D9EF39F0DEEF39F0030E14EC40F084
:1073B8002FEF3AF0DC05D8A4E4EF39F0E6EF39F026
:1073C8000FEF3AF0100E060172250501DA6F000E74
:1073D800060173210501DB6FDA290F0EDB59D8A0EE
:1073E800F8EF39F0FAEF39F000EF3AF00F0E060136
:1073F800736F726905EF3AF0100E06017227000EDE
:10740800732372C60DF573C60EF5BCEC45F065EC3A
:1074180041F02FEF3AF0020EDC19D8A416EF3AF03B
:1074280018EF3AF02FEF3AF00601735107E1100E0A
:10743800725DD8B022EF3AF024EF3AF029EF3AF033
:10744800736B000E726F05EF3AF0100E725F000E4C
:10745800735B05EF3AF01200010E40EC4BF0000EA2
:107468000501BB6FDC0EBC6FFD0EBD6F000EA1ECFD
:107478002BF0010E076E000EBFEC3DF0000E40EC45
:107488004BF0000E0501BB6FBA0EBC6FFF0EBD6F4F
:10749800020EA1EC2BF0000E0501BB6F2C0EBC6F89
:1074A800FF0EBD6F030EA1EC2BF0000E0501BB6FA4
:1074B800220EBC6FFF0EBD6F040EA1EC2BF0000E68
:1074C8000501BB6FD80EBC6FFF0EBD6F050EA1EC9A
:1074D8002BF0000E0501BB6FE60EBC6FFF0EBD6FF3
:1074E800060EA1EC2BF0000E0501BB6FD10EBC6F90
:1074F800FF0EBD6F070EA1EC2BF0000E0501BB6F50
:10750800940EBC6FFE0EBD6F080EA1EC2BF05C6AEA
:10751800010E076E020EBFEC3DF0E7EC41F01200E1
:107528000F6A000E0E6E07C5D9F408C5DAF4DEC47A
:10753800F6F4DDC4F7F4F86A0800F5502A0AD8A46E
:10754800A8EF3AF0AAEF3AF0DDEF3AF007C5D9F420
:1075580008C5DAF4DE2A000EDD2209C5D9F40AC509
:10756800DAF4DFC40BF5020EDE26DFC40CF5000EDC
:10757800DD220BC5D9F40CC5DAF4DEC40EF5DDC482
:107588000FF5F2EF3AF00A0E0E02F3C40BF5F4C44D
:107598000CF50F02F3500C260D500B240E6E000E46
:1075A8000C200F6E07C5D9F408C5DAF4DE2A000EE0
:1075B800DD2207C5D9F408C5DAF4DEC4F6F4DDC463
:1075C800F7F4F86A0800F550D00F0D6E090E0D6437
:1075D800F0EF3AF0F2EF3AF0C7EF3AF00EC507F5E0
:1075E8000FC508F51200FAC405F5FBC406F5A7AEE9
:1075F80000EF3BF002EF3BF00DEF3BF0B2AE07EFD0
:107608003BF009EF3BF00DEF3BF0D7EC43F053EFC5
:107618003BF0AAAE12EF3BF014EF3BF01FEF3BF04C
:10762800B5AE19EF3BF01BEF3BF01FEF3BF00EEC54
:1076380047F053EF3BF0A8A424EF3BF026EF3BF0D4
:1076480031EF3BF0B3A42BEF3BF02DEF3BF031EFE4
:107658003BF014EC4CF053EF3BF0A8A236EF3BF0B4
:1076680038EF3BF043EF3BF0B3A23DEF3BF03FEF89
:107678003BF043EF3BF016EC4CF053EF3BF0AAA67F
:1076880048EF3BF04AEF3BF053EF3BF0B5A64FEF26
:107698003BF051EF3BF053EF3BF0D8EC48F006C518
:1076A800FBF405C5FAF411000C6A0ABE60EF3BF062
:1076B8005EEF3BF066EF3BF0096C0A1ED8B00A2A71
:1076C800010E0C6E08BE6DEF3BF06BEF3BF073EFF5
:1076D8003BF0076C081ED8B0082A010E0C1A0E6A77
:1076E800000E0D6E09500A10D8B47DEF3BF07FEF05
:1076F8003BF0A7EF3BF0010E0B6E87EF3BF0D89005
:1077080009360A360B2A0AAE8CEF3BF08EEF3BF0B7
:1077180083EF3BF0D8900D360E360950075C0A50BF
:107728000858D8A09AEF3BF09CEF3BF0A1EF3BF054
:107738000950075E0A50085A0D80D8900A3209325B
:107748000B2E8EEF3BF00C50D8B4ADEF3BF0AFEF03
:107758003BF0B3EF3BF00D6C0E1ED8B00E2A0DC5F2
:1077680007F50EC508F512000501FEA1BEEF3BF0B6
:10777800C0EF3BF0CAEF3BF019C510F51AC511F57B
:1077880017C512F518C513F573EC46F01CBED1EFFA
:107798003BF0CFEF3BF0D4EF3BF01C6A000E1B6EC2
:1077A8001F6A000E1E6EE4EF3BF0086A200E076E9B
:1077B80017C509F518C50AF503EC39F01E4A1F2A42
:1077C8001B501E5C1F50800A1D6E1C50800A1D58DD
:1077D800D8A0F1EF3BF0F3EF3BF0D9EF3BF0050118
:1077E800FEB1F9EF3BF0FBEF3BF005EF3CF019C5BC
:1077F80010F51AC511F517C512F518C513F573EC70
:1078080046F019C507F51AC508F5F4EC47F01B5002
:107818000724176E1C500820186E1200016A5DA01C
:1078280018EF3CF01AEF3CF023EF3CF0010152B5A1
:1078380020EF3CF022EF3CF023EF3CF001805DA20A
:1078480028EF3CF02AEF3CF033EF3CF0010152BB4B
:1078580030EF3CF032EF3CF033EF3CF001825DA4B6
:1078680038EF3CF03AEF3CF043EF3CF0010152B303
:1078780040EF3CF042EF3CF043EF3CF001845DA662
:1078880048EF3CF04AEF3CF053EF3CF0010152BDA9
:1078980050EF3CF052EF3CF053EF3CF001865DA80E
:1078A80058EF3CF05AEF3CF063EF3CF0010152B165
:1078B80060EF3CF062EF3CF063EF3CF00188015070
:1078C80006018C135D6A0BEC4CF01200010E40ECC3
:1078D8004BF0000E0501BB6F060EBC6FFE0EBD6FB0
:1078E800000EA1EC2BF0010E076E000EBFEC3DF070
:1078F800000E40EC4BF0000E0501BB6F0C0EBC6F88
:10790800FD0EBD6F020EA1EC2BF0000E0501BB6F42
:10791800990EBC6FFF0EBD6F030EA1EC2BF0000E8D
:107928000501BB6FF80EBC6FFE0EBD6F050EA1EC16
:107938002BF0000E0501BB6FFB0EBC6FFF0EBD6F79
:10794800060EA1EC2BF0000E0501BB6FDF0EBC6F1D
:10795800FF0EBD6F080EA1EC2BF00601756B000E33
:10796800746F010E8A6F0E6A000E0D6EBCEC45F046
:10797800E7EC41F00601896B12000C6A08BEC9EFFA
:107988003CF0C7EF3CF0CFEF3CF0076C081ED8B0D6
:10799800082A010E0C6E0ABED6EF3CF0D4EF3CF07C
:1079A800DAEF3CF0096C0A1ED8B00A2A09500A100E
:1079B800D8B4E1EF3CF0E3EF3CF007EF3DF0010E07
:1079C8000B6EEBEF3CF0D89009360A360B2A0AAE5C
:1079D800F0EF3CF0F2EF3CF0E7EF3CF00950075CC9
:1079E8000A500858D8A0FBEF3CF0FDEF3CF001EF3F
:1079F8003DF00950075E0A50085AD8900A320932F9
:107A08000B2EF2EF3CF00C50D8B40DEF3DF00FEF19
:107A18003DF013EF3DF0076C081ED8B0082A07C5E3
:107A280007F508C508F51200000E07140F6E000EC2
:107A38000814106E800E0914116E7F0E0A14126E4F
:107A48000F50101011101210D8A42DEF3DF02FEF89
:107A58003DF037EF3DF0000E076E000E086E000E89
:107A6800096E000E0A6E000E0B140F6E000E0C1439
:107A7800106E800E0D14116E7F0E0E14126E0F50C4
:107A8800101011101210D8A44CEF3DF04EEF3DF03D
:107A980056EF3DF0000E0B6E000E0C6E000E0D6ED4
:107AA800000E0E6E0B5007180FE10C5008180CE171
:107AB8000D50091809E10E500A18D8B466EF3DF0C8
:107AC80068EF3DF06BEF3DF0D8906CEF3DF0D8805B
:107AD8001200000E1B6E000E1C6E000E1D6E000EB6
:107AE8001E6E1750181019101A10D8B47EEF3DF0FA
:107AF80080EF3DF0B6EF3DF0010E1F6E8AEF3DF0CE
:107B0800D8901736183619361A361F2A1AAE8FEF3C
:107B18003DF091EF3DF084EF3DF0D8901B361C36D8
:107B28001D361E361750135C185014581950155826
:107B38001A501658D8A0A3EF3DF0A5EF3DF0AEEFD0
:107B48003DF01750135E1850145A1950155A1A5010
:107B5800165A1B80D8901A321932183217321F2E33
:107B680091EF3DF01BC513F51CC514F51DC515F5A2
:107B78001EC516F512000C6E080E0C64C6EF3DF01B
:107B8800C8EF3DF0CAEF3DF00FEF3EF0DF0E0C24DA
:107B9800D96EDA6A060EDA22DF500B6E0750D8B4B7
:107BA800D8EF3DF0DAEF3DF0E4EF3DF0DF0E0C24C6
:107BB800D96EDA6A060EDA22000EDB80ECEF3DF0B1
:107BC800DF0E0C24D96EDA6A060EDA22FE0EDF16F4
:107BD800DF0E0C24D96EDA6A060EDA220B50DE1894
:107BE800D8B4F9EF3DF0FBEF3DF00FEF3EF00CC5D8
:107BF80008F5010E096E000E0A6E082A07EF3EF01E
:107C0800D89009360A36082E04EF3EF009500601CE
:107C180076130A50771312001DEC45F04AEC49F030
:107C2800000E0501BB6F3F0EBC6FFF0EBD6F010E4E
:107C3800A1EC2BF0000E0501BB6FB60EBC6FFE0E5B
:107C4800BD6F020EA1EC2BF0000E0501BB6F6C0E90
:107C5800BC6FFD0EBD6F030EA1EC2BF0000E0501ED
:107C6800BB6F140EBC6FFE0EBD6FFFC5BEF5BF6BBC
:107C7800040EA1EC2BF0000E0501BB6FF80EBC6FD3
:107C8800FD0EBD6F060EA1EC2BF0000E0501BB6FBB
:107C9800A20EBC6FFF0EBD6F070EA1EC2BF0000EFD
:107CA8000501BB6F0E0EBC6FFF0EBD6F080EA1EC79
:107CB8002BF0E7EC41F0120053C61BF554C61CF537
:107CC80014C51DF515C51EF51BC507F51CC508F51A
:107CD800096A0A6A1DC50BF51EC50CF5000E0CBE17
:107CE800FF0E0D6E0E6E08EC43F006014E51072490
:107CF800176E4F510820186E50510920196E5151B6
:107D08000A201A6E19C51FF51AC520F520BE91EF75
:107D18003EF08FEF3EF094EF3EF0206A000E1F6EAB
:107D280020BE9EEF3EF0100E205CD8A09EEF3EF0E5
:107D3800A0EF3EF0A3EF3EF00F0E206E1F681FC5A8
:107D480009F520C50AF595EC45F01FC578F620C55C
:107D580079F61200010E40EC4BF0000E0501BB6FE6
:107D68007A0EBC6FFD0EBD6F000EA1EC2BF0010E5C
:107D7800076E000EBFEC3DF0000E40EC4BF0000E1D
:107D88000501BB6F880EBC6FFD0EBD6F010EA1EC27
:107D98002BF0000E0501BB6F550EBC6FFE0EBD6FBC
:107DA800030EA1EC2BF0000E0501BB6FE20EBC6FB9
:107DB800FE0EBD6F070EA1EC2BF0000E0501BB6F88
:107DC8000E0EBC6FFF0EBD6F080EA1EC2BF0BBECC6
:107DD8004BF007C50DF508C50EF5BCEC45F0E7EC12
:107DE80041F01200010E40EC4BF0000E0501BB6F94
:107DF800C00EBC6FFD0EBD6F000EA1EC2BF0010E86
:107E0800076E000EBFEC3DF0000E40EC4BF0000E8C
:107E18000501BB6F180EBC6FFF0EBD6F020EA1EC03
:107E28002BF0000E0501BB6F900EBC6FFF0EBD6FEF
:107E3800040EA1EC2BF0000E0501BB6FDF0EBC6F2A
:107E4800FF0EBD6F080EA1EC2BF0E7EC41F0FF0E22
:107E580006012A6FFF0E2B6FFF0E2C6F7F0E2D6F02
:107E6800FF0E266FFF0E276FFF0E286F7F0E296FFC
:107E7800886B1200010E40EC4BF0000E0501BB6F41
:107E88007A0EBC6FFD0EBD6F000EA1EC2BF0010E3B
:107E9800076E000EBFEC3DF0000E40EC4BF0000EFC
:107EA8000501BB6F620EBC6FFE0EBD6F010EA1EC2B
:107EB8002BF0000E0501BB6F550EBC6FFE0EBD6F9B
:107EC800030EA1EC2BF0000E0501BB6FE20EBC6F98
:107ED800FE0EBD6F070EA1EC2BF0000E0501BB6F67
:107EE8000E0EBC6FFF0EBD6F080EA1EC2BF0B6ECAA
:107EF8004BF007C50DF508C50EF5BCEC45F0E7ECF1
:107F080041F012001DEC45F04AEC49F0000E050165
:107F1800BB6F480EBC6FFF0EBD6F010EA1EC2BF0BE
:107F2800000E0501BB6F3B0EBC6FFE0EBD6F020E4F
:107F3800A1EC2BF0000E0501BB6FED0EBC6FFE0E21
:107F4800BD6F5AC5BEF55BC5BFF5030EA1EC2BF09E
:107F5800000E0501BB6FF80EBC6FFD0EBD6F060E5F
:107F6800A1EC2BF0000E0501BB6FA20EBC6FFF0E3B
:107F7800BD6F070EA1EC2BF0000E0501BB6F0E0EB6
:107F8800BC6FFF0EBD6F080EA1EC2BF0E7EC41F0C3
:107F980012001DEC45F04AEC49F0000E0501BB6FDC
:107FA800510EBC6FFF0EBD6F010EA1EC2BF0000E41
:107FB8000501BB6F5E0EBC6FFD0EBD6F020EA1EC1E
:107FC8002BF0000E0501BB6FED0EBC6FFE0EBD6FF2
:107FD8005AC5BEF55BC5BFF5030EA1EC2BF0000E2C
:107FE8000501BB6FF80EBC6FFD0EBD6F060EA1EC50
:107FF8002BF0000E0501BB6FA20EBC6FFF0EBD6F0C
:10800800070EA1EC2BF0000E0501BB6F0E0EBC6F26
:10801800FF0EBD6F080EA1EC2BF0E7EC41F012004B
:108028000501D96F06018B51060D040EF326000ECB
:10803800F4224F0EF324F66ECF0EF420F76EF86A92
:10804800000EF8220900F5C4D7F50900F5C4D8F5E3
:1080580002D839EF40F00500FA6E0501D751FD6EE0
:10806800D851FE6EFF6AFA501200D9C58BF6050189
:10807800D951060D4F0EF324F66ECF0EF420F76E8D
:10808800F86A000EF8220900F5C4D7F50900F5C40E
:10809800D8F502D859EF40F00500FA6ED751FD6EB9
:1080A800D851FE6EFF6AFA501200120018EC4AF01E
:1080B80026EC4BF06EEC45F066EC47F005EC4AF028
:1080C8000009D8B46AEF40F06CEF40F09DEF40F043
:1080D800350E0D6E050E0E6E07EC46F036501FEC91
:1080E8004BF039C507F53AC508F5C0EC4BF03BC570
:1080F80007F53CC508F5C5EC4BF0F4EC2FF037C597
:1081080007F538C508F5A7EC4BF037C507F538C5AE
:1081180008F53AEC4BF03DC507F53EC508F5ACEC63
:108128004BF03FC507F540C508F5B1EC4BF075ECD1
:1081380025F0120013C507F514C508F5096A0A6A7F
:1081480032C60BF533C60CF534C60DF535C60EF53B
:1081580008EC43F006012E510724156E2F51082014
:10816800166E30510920176E31510A20186E17C546
:1081780019F518C51AF51ABEC6EF40F0C4EF40F05D
:10818800CBEF40F0146A000E136EE0EF40F01ABE19
:10819800D5EF40F0100E1A5CD8A0D5EF40F0D7EF1D
:1081A80040F0DCEF40F00F0E146E1368E0EF40F083
:1081B80019C513F51AC514F512001DEC45F04AEC63
:1081C80049F0000E0501BB6F5A0EBC6FFF0EBD6F64
:1081D800010EA1EC2BF0000E0501BB6F7C0EBC6FED
:1081E800FE0EBD6F020EA1EC2BF0000E0501BB6F59
:1081F800A00EBC6FFE0EBD6F60EC49F00BC5BEF55E
:108208000CC5BFF5030EA1EC2BF0000E0501BB6FEA
:10821800AB0EBC6FFE0EBD6F070EA1EC2BF0000E6F
:108228000501BB6F0E0EBC6FFF0EBD6F080EA1ECF3
:108238002BF006015C695D69E7EC41F012001DEC6A
:1082480045F04AEC49F0000E0501BB6F630EBC6FA8
:10825800FF0EBD6F010EA1EC2BF0000E0501BB6FE8
:10826800480EBC6FFE0EBD6F020EA1EC2BF0000E87
:108278000501BB6FA00EBC6FFE0EBD6F60EC49F030
:108288000BC5BEF50CC5BFF5030EA1EC2BF0000E17
:108298000501BB6FAB0EBC6FFE0EBD6F070EA1ECE8
:1082A8002BF0000E0501BB6F0E0EBC6FFF0EBD6FED
:1082B800080EA1EC2BF006015C695D69E7EC41F062
:1082C8001200000E0501BB6FED0EBC6FFE0EBD6FF8
:1082D80072C6BEF573C6BFF5020EA1EC2BF072C6CE
:1082E80013F573C614F53DEC43F013C5D0F514C56A
:1082F800D1F515C5D2F516C5D3F5D0C513F5D1C539
:1083080014F5D2C515F5D3C516F5D50E176E050E9D
:10831800186ED40E196E050E1A6E10EC34F0000E9D
:108328000501BB6F400EBC6FFD0EBD6FD5C5BEF518
:10833800D6C5BFF5D4C5C0F5C16B030EA1EC2BF0B3
:10834800E7EC41F012000301F39FF96BFA6B0101AE
:10835800106B116B126B0301FB6BD96BDA6BDB6B68
:10836800DC6BDF6BE06BE36BE46BE56BE66B400E9D
:10837800E76FEA6BEB6BEC6B3B0EED6FEE6BEF6B45
:10838800F06BF16BF26BF39DF46B6B0EF56F100EE7
:10839800F66FF76BF86BFC6B000E0601826F000E30
:1083A800836F000E806F000E816FB394A894B39210
:1083B800A892B39AA89AB39CA89CB39EA89E840E30
:1083C8000301F36F1200060176517711D8A4EFEF7D
:1083D80041F0F1EF41F0F3EF41F025EF42F009EC05
:1083E8004BF0456A45C542F5010E436E000E446EDA
:1083F800422A02EF42F0D89043364436422EFFEF2D
:1084080041F0060176514316775144164350441003
:10841800D8B411EF42F013EF42F016EF42F0455096
:108428005CEC16F0452A080E45641DEF42F01FEF7C
:1084380042F0F6EF41F001EC4BF00601776B000ECD
:10844800766F1200F1EC4AF007C566F608C567F6C4
:1084580005EC4CF00601856FB6EC4BF007C564F6E9
:1084680008C565F6BBEC4BF007C562F608C563F6B0
:108478009DEC4BF007C560F608C561F6A2EC4BF021
:1084880007C55EF608C55FF666C670F667C671F67C
:1084980085C6FFF55B6A000E5A6E64C66EF665C641
:1084A8006FF662C66CF663C66DF606016B6B000E5E
:1084B8006A6F696B000E686F866B02EC36F012000B
:1084C8000FC514F510C515F5AA0E086E550E076EE2
:1084D8006BEC4BF0166A1650116E126A136A000E96
:1084E8001124076E000E1220086E380E1320096E34
:1084F80016501424D96E000E1520DA6EDF500A6E5D
:108508009CEC44F0B5EC4AF00009D8A48EEF42F098
:1085180090EF42F086EF42F0162A0B0E166497EFA2
:1085280042F099EF42F06FEF42F0FFEC4BF012008F
:10853800010E40EC4BF0000E0501BB6FEA0EBC6F5C
:10854800FD0EBD6F000EA1EC2BF0010E076E000EA4
:10855800BFEC3DF0000E40EC4BF0000E0501BB6F88
:10856800F80EBC6FFD0EBD6F060EA1EC2BF0000ED1
:108578000501BB6FDF0EBC6FFF0EBD6F080EA1ECCF
:108588002BF00601736B000E726F72C60DF573C681
:108598000EF5BCEC45F065EC41F0120007C50BF593
:1085A80008C50CF5000187858A9D8651FE0B0209D6
:1085B800866F0A50836F09C582F0FFEF42F00BC542
:1085C800F6F40CC5F7F4000EF86E150EF76403D038
:1085D8000800F55005D0F6C4E9F4F7C4EAF4EF5002
:1085E8000001816FB5A2FBEF42F0FDEF42F0F6EF1C
:1085F80042F00B4A0C2A00018AAD05EF43F007EF61
:1086080043F0E3EF42F01200000E0F6E000E106E02
:10861800000E116E000E126E07A015EF43F017EF53
:1086280043F01FEF43F00B500F260C5010220D5053
:1086380011220E501222D8900B360C360D360E36FB
:10864800D8900A3209320832073207500810091048
:108658000A10D8A432EF43F034EF43F010EF43F0A0
:108668000FC507F510C508F511C509F512C50AF5B6
:108678001200100E145CD8A044EF43F046EF43F00C
:1086880049EF43F00F0E146E136813500601462588
:10869800176E14504721186E000E4821196E000EEF
:1086A80049211A6E4AC607F54BC608F54CC609F5A6
:1086B8004DC60AF517C50BF518C50CF519C50DF506
:1086C8001AC50EF508EC43F007C513F508C514F5EF
:1086D80009C515F50AC516F51200040E215CD8A0C7
:1086E80078EF43F07AEF43F07DEF43F0030E216E0D
:1086F800206820C507F521C508F5096A0A6AE40E4D
:108708000B6E0C0E0C6E000E0D6E000E0E6E08EC4D
:1087180043F007C513F508C514F509C515F50AC5CD
:1087280016F5FF0E176E030E186E000E196E000E6A
:108738001A6E6DEC3DF013C520F514C521F5120035
:10874800100E215CD8A0ABEF43F0ADEF43F0B0EFD3
:1087580043F00F0E216E206820C507F521C508F5E6
:10876800096A0A6AE40E0B6E0C0E0C6E000E0D6E92
:10877800000E0E6E08EC43F007C513F508C514F596
:1087880009C515F50AC516F5FF0E176E0F0E186EFA
:10879800000E196E000E1A6E6DEC3DF013C520F533
:1087A80014C521F51200040117A1DDEF43F0DFEF36
:1087B80043F0E1EF43F075EC48F0040117A3E7EF4D
:1087C80043F0E9EF43F0EBEF43F08EEC48F004019F
:1087D80017A5F1EF43F0F3EF43F0F5EF43F043EC67
:1087E80048F0040117ABFBEF43F0FDEF43F0FFEF58
:1087F80043F0A7EC48F0040117AD05EF44F007EF8C
:1088080044F009EF44F05CEC48F0120009EC4BF03E
:10881800010E156E1550120DF3C411F5F4C412F5BE
:10882800EE0E1124136EFF0E1220146EFB0E13248D
:108838000D6ECF0E14200E6E120E0F6E15502BEC0F
:108848004AF0152AA80E15642CEF44F02EEF44F0D8
:108858000EEF44F001EC4BF0F2EC49F007C51AF6C4
:1088680008C51BF609C51CF60AC51DF6120054C535
:108878009FF555C5A0F50601576B000E566F58EFCA
:1088880044F052C53EF553C53FF59F0E406E050EA8
:10889800416E56C542F557C543F50FEC00F03E5002
:1088A800060156273F5057239FC5F6F4A0C5F7F495
:1088B800F86A0800F5500009D8A465EF44F067EF9E
:1088C80044F045EF44F056C652F557C653F512002A
:1088D800F0EC4BF03CEC4AF0750E076E080E086E93
:1088E8000A6A200E096E0C6A750E0B6EBCEC47F016
:1088F800000E076E080E086E0A6A000E096E0C6AF2
:10890800750E0B6EBCEC47F0DF0E076E060E086E98
:108918000A6A000E096E0C6A090E0B6EBCEC47F071
:1089280006018D6B010E776F766911EC4BF0120022
:10893800000ED6BE010E0E6E09C545F007C50BF533
:1089480008C50CF509C50DF50CC50BF50DC50CF5DD
:108958000D6A0B500001446F07C543F00AC546F085
:108968004151F80B0309416FD69E00015FC542F0E3
:108978005E50426F40810EB002D0D69E01D0D68E96
:10898800F80E0001411712000ABECDEF44F0CFEFF8
:1089980044F0D9EF44F007C507F508C508F509C53F
:1089A80009F50AC50AF5F2EF44F007C50BF508C545
:1089B8000CF509C50DF50AC50EF50B1E0C1E0D1E8E
:1089C8000E1E0B2A000E0C220D220E220BC507F5D7
:1089D8000CC508F50DC509F50EC50AF5120066C6E1
:1089E80007F567C608F53AEC4BF00601855166ECC9
:1089F8004BF064C607F565C608F5C0EC4BF062C6D7
:108A080007F563C608F5C5EC4BF0F4EC2FF060C62B
:108A180007F561C608F5ACEC4BF05EC607F55FC616
:108A280008F5B1EC4BF075EC25F0030E14EC40F0B2
:108A38001200750E076E080E086E0A6A200E096E7F
:108A48000C6A750E0B6EBCEC47F0000E076E080E34
:108A5800086E0A6A000E096E0C6A750E0B6EBCEC85
:108A680047F0DF0E076E060E086E0A6A000E096EE2
:108A78000C6A090E0B6EBCEC47F0010E0601776F0D
:108A88007669120009C50FF50AC510F507C50DF579
:108A980008C50EF560EF45F00FC5D9F410C5DAF436
:108AA800DF50116E0F4A102A0DC5D9F40EC5DAF43D
:108AB80011C5DFF40D4A0E2A0B06D8A00C060B28A8
:108AC80006E10C28D8A46BEF45F06DEF45F050EFA8
:108AD80045F01200F9EC4AF0960E076E940E086EF7
:108AE800CFEC4BF0060E076E950E086EE3EC4BF0DC
:108AF800EA0E076E940E086EDEEC4BF0B20E076EAF
:108B0800940E086ED4EC4BF0CE0E076E940E086EE1
:108B1800D9EC4BF0240E076E780E086ECAEC4BF0B9
:108B28001200100E0A5CD8A09CEF45F09EEF45F0AD
:108B3800A1EF45F00F0E0A6E09680A500B6E09C5C1
:108B48000CF5020E076E9DEC38F00101419B000EFA
:108B5800076EB6EC49F00BC507F5B6EC49F00CC545
:108B680007F5B6EC49F00101418B4CEC4BF01200D3
:108B7800100E0E5CD8A0C3EF45F0C5EF45F0C8EF66
:108B880045F00F0E0E6E0D68060178510D1807E1BD
:108B980079510E18D8A4D3EF45F0D5EF45F0D7EFAB
:108BA80045F0E1EF45F00DC509F50EC50AF595EC60
:108BB80045F00DC578F60EC579F6120002EE00F004
:108BC800EA0EEE6AE806FDE101EE00F3BC0EEE6A7D
:108BD800E806FDE101EE00F2E80EEE6AE806FDE1C6
:108BE8000501FF6BFE6B01EE58F1080EEE6AE80610
:108BF800FDE10401080E5D6F000E5E6F000E5F6FF1
:108C080000012CEF47F00DC512F50EC513F5146AD7
:108C180014501224D96E000E1320DA6E14500F6E01
:108C2800106A116A000E0F24076E000E1020086EDD
:108C3800380E1120096EF0EC48F0DF6E142A0B0E86
:108C4800146429EF46F02BEF46F00CEF46F01200C3
:108C580006018B51060D020EF326000EF4224F0E6C
:108C6800F324F66ECF0EF420F76EF86A000EF822A1
:108C78000900F5C4FCF50900F5C4FDF502D84FEF6D
:108C880046F00500FA6E0501FC51FD6EFD51FE6EC1
:108C9800FF6AFA5012001200000E241A000E251A5C
:108CA800000E261A800E271A20C507F521C508F5DB
:108CB80022C509F523C50AF524C50BF525C50CF50C
:108CC80026C50DF527C50EF52EEC1DF007C520F5B8
:108CD80008C521F509C522F50AC523F51200166A4B
:108CE800000E156E83EF46F014C507F5086A12C525
:108CF80009F513C50AF503EC39F0154A162A15507B
:108D08001024D96E16501120DA6EDF50146E1450EC
:108D1800D8A491EF46F093EF46F078EF46F01200B2
:108D2800F2EC49F00F50075C176E10500858186E97
:108D380011500958196E12500A581A6E1350175CC0
:108D4800145018581550195816501A58D8B0AFEF73
:108D580046F0B2EF46F0010EB3EF46F0000E1200F7
:108D68001AC60FF51BC610F51CC611F51DC612F55F
:108D78001E0E136E000E146E000E156E000E166E8B
:108D880094EC46F00009D8B4CCEF46F0CEEF46F0AC
:108D9800D1EF46F0020E14EC40F0120013C507F5AF
:108DA80014C508F5096A0A6A3AC60BF53BC60CF5FC
:108DB8003CC60DF53DC60EF508EC43F006013651EC
:108DC8000724136E37510820146E38510920156E88
:108DD80039510A20166E120013C507F514C508F597
:108DE800096A0A6A42C60BF543C60CF544C60DF576
:108DF80045C60EF508EC43F006013E510724136EF4
:108E08003F510820146E40510920156E41510A2027
:108E1800166E120006017F510301196F7EC618F302
:108E28000601EA51EB11D8B41CEF47F01EEF47F0EA
:108E38002AEF47F002D82AEF47F00500FA6EEA5108
:108E4800FD6EEB51FE6EFF6AFA501200B59E1200DD
:108E58008CEC49F0D68E6CEC44F018EC4AF018EC27
:108E68004BF0A0EC47F0F3EC4BF00009D8B43FEF1F
:108E780047F041EF47F037EF47F0F6EC4BF02CECBA
:108E880046F037EF47F00DEF00F0AA0E086E550ECA
:108E9800076E6BEC4BF0000E076E000E086E380E76
:108EA800096EFF0E0A6E9CEC44F0B5EC4AF000091E
:108EB800D8A461EF47F063EF47F059EF47F0FFECB4
:108EC8004BF012000601096B540E086F0B6B000E75
:108ED8000A6F0F0E0D6F0C69000E006F000E016F08
:108EE800000E026F000E036F000E046F000E056F78
:108EF800320E066F000E076F75EC25F0120007C5DD
:108F08000BF508C50CF509C5F6F40AC5F7F4094AC6
:108F18000A2AF86A0BC5D9F40CC5DAF40B4A0C2AEC
:108F28000800F5C4DFF4DF50D8A49DEF47F09FEFA9
:108F380047F087EF47F0120006018B6B4F0EF66E75
:108F4800CF0EF76E000EF86E0900F5C4D7F50900CC
:108F5800F5C4D8F502D8BBEF47F00500FA6E050155
:108F6800D751FD6ED851FE6EFF6AFA5012001200FA
:108F780007C50DF508C50EF5CAEF47F00DC5D9F4BC
:108F88000EC5DAF409C5DFF40D4A0E2A0B06D8A07F
:108F98000C060B2806E10C28D8A4D5EF47F0D7EF2C
:108FA80047F0C2EF47F012000750081009100A10E6
:108FB800D8B4E1EF47F0E3EF47F0EBEF47F0000EEE
:108FC800071A000E081A000E091A800E0A1A07C599
:108FD80007F508C508F509C509F50AC50AF5120017
:108FE80007C509F508C50AF5FCEF47F0074A082A3E
:108FF80007C5D9F408C5DAF4DF50D8A406EF48F05D
:1090080008EF48F0FAEF47F00950075C076E0A507E
:109018000858086E1200D69AB390D680000E076ED4
:10902800000E086E61EC4BF0B890D682000E076E09
:10903800000E086E5CEC4BF0BC90D684000E076EF8
:10904800000E086E57EC4BF012001ABE2EEF48F0D7
:1090580030EF48F036EF48F019C519F51AC51AF57A
:1090680042EF48F019C51BF51AC51CF51B1E1C1E3E
:109078001B4A1C2A1BC519F51CC51AF51200060146
:10908800F051F111D8B44BEF48F04DEF48F059EFDB
:1090980048F002D859EF48F00500FA6EF051FD6E1D
:1090A800F151FE6EFF6AFA50120004011795120082
:1090B8000601EC51ED11D8B464EF48F066EF48F0C2
:1090C80072EF48F002D872EF48F00500FA6EEC51E2
:1090D800FD6EED51FE6EFF6AFA5012000401179DF5
:1090E80012000601F451F511D8B47DEF48F07FEF76
:1090F80048F08BEF48F002D88BEF48F00500FA6E85
:10910800F451FD6EF551FE6EFF6AFA50120004012B
:10911800179112000601F251F311D8B496EF48F0F6
:1091280098EF48F0A4EF48F002D8A4EF48F0050003
:10913800FA6EF251FD6EF351FE6EFF6AFA5012009C
:109148000401179312000601EE51EF11D8B4AFEFE6
:1091580048F0B1EF48F0BDEF48F002D8BDEF48F055
:109168000500FA6EEE51FD6EEF51FE6EFF6AFA5081
:1091780012000401179B12003C0E0301196FB00E78
:10918800186F710E1B6F1951076E185106017E6F0B
:1091980007C57FF6320EEA6F980EEB6FB59EAA8E62
:1091A800900E03011A6F12000601E851E911D8B4B4
:1091B800E0EF48F0E2EF48F0EEEF48F002D8EEEFCB
:1091C80048F00500FA6EE851FD6EE951FE6EFF6A3F
:1091D800FA501200B596120009C545F007C50AF500
:1091E80008C50BF509C50CF50BC50AF50CC50BF53B
:1091F8000C6A0A500001446F07C543F0F80E411786
:10920800408146511200020E076E9DEC38F00101B4
:10921800419B400E076EB6EC49F0000E076EB6ECA7
:1092280049F0020E076EB6EC49F00101418B4CEC97
:109238004BF01200000EECEC4BF002EC4CF0C0ECE2
:109248004AF00009D8B42BEF49F02DEF49F023EF8D
:1092580049F091EC4AF007C50BF508C50CF512006A
:10926800000EECEC4BF002EC4CF0C0EC4AF00009BC
:10927800D8B441EF49F043EF49F039EF49F091ECA8
:109288004AF007C50BF508C50CF51200010E40ECB5
:109298004BF0000E0501BB6F500EBC6FFD0EBD6F8D
:1092A800000EA1EC2BF0010E076E000EBFEC3DF096
:1092B800000E40EC4BF01200000EECEC4BF002EC10
:1092C8004CF0C0EC4AF00009D8B46DEF49F06FEFEC
:1092D80049F065EF49F091EC4AF007C50BF508C570
:1092E8000CF51200096E09C50AF5020E076E9DEC11
:1092F80038F001014199000E076EB6EC49F00AC535
:1093080007F5B6EC49F0010141894CEC4BF012002D
:10931800AAEC4AF068EC39F0A7EC41F0CBEC49F044
:10932800C0EC48F0DFEC49F026EC4BF09EEC4AF03C
:10933800F9EC4BF00FEC48F01200020E076E9DECB2
:1093480038F0010141990C0E076EB6EC49F0FF0E9A
:10935800076EB6EC49F0096E010141894CEC4BF0FF
:10936800095012000001878586510309866F836BB7
:10937800010E826F07C581F0B5A0C5EF49F0C7EFB0
:1093880049F0C0EF49F080C008F50850120000010C
:10939800849FAA94AA92AA90400E856F866B896BC7
:1093A8008C6B826B836B876B886B8B6B8A6B878507
:1093B800020E846F1200010E0301216F206B226BD5
:1093C800EA0E1E6F1D6B340E0601E86F980EE96FEA
:1093D800B596AA86D00E03011F6F1200D69E16C638
:1093E8000BF517C60CF518C60DF519C60EF5D68E71
:1093F8000BC507F50CC508F50DC509F50EC50AF529
:109408001200000E076E000E086E380E096EF0ECA2
:1094180048F0CA0AD8B413EF4AF016EF4AF0010E22
:1094280017EF4AF0000E1200CBEC4AF034EC4BF088
:10943800060178697969800E8E6F7D6B590E7C6F95
:109448000E0E7B6F420E7A6FF4EC2FF01200106E46
:10945800105046EC4BF00DC507F50EC508F50FC5C5
:1094680009F50A6AD2EC42F0000E46EC4BF0120005
:109478002DEC4BF001014181040E46EC4BF0000E3F
:1094880046EC4BF00101419108EC4CF012005D8074
:10949800000E016E000E026E000E036E000E046ECA
:1094A80011EC4CF00EEC4CF012005D86000E016ED3
:1094B800000E026E000E036E000E046E11EC4CF0EE
:1094C8000EEC4CF012005D88000E016E000E026E6C
:1094D800000E036E000E046E11EC4CF00EEC4CF016
:1094E80012005D84000E016E000E026E000E036E07
:1094F800000E046E11EC4CF00EEC4CF012005D8284
:10950800000E016E000E026E000E036E000E046E59
:1095180011EC4CF00EEC4CF012000301E151E2C3E7
:1095280009F50A6A09C50AF5096A0910076E0A5099
:10953800086E12000401476B426B416B406B456B30
:10954800446B040E436F800E466F1200600E0001DC
:10955800AD6FAF6BB36BB16BB06BAC6B0401586B99
:109568001200000140B1BBEF4AF0BEEF4AF0010E15
:10957800BFEF4AF0000E12000301F3A1C6EF4AF054
:10958800C9EF4AF0010ECAEF4AF0000E12000101BD
:10959800418B07EC49F00A6A000E096E95EC45F01C
:1095A8001200010E06011627000E1723182319238F
:1095B800010E846F120007C500F608C501F609C53B
:1095C80002F60AC503F6120007C504F608C505F633
:1095D80009C506F60AC507F6120000017E51096E94
:1095E8007D51076E09C508F51200D7AEFEEF4AF0A7
:1095F8000BEF4CF003011F9F1200000E46EC4BF0DE
:109608000101419108EC4CF012002DEC4BF00101E6
:109618004181010E46EC4BF01200010E0601776FF6
:109628007669E7EC41F01200AA0E076E950E086EF7
:1096380052EC4BF012000B6E0BC58EF60B5076EC0D
:1096480049F01200900E00017F6F7E6B540E7D6F03
:1096580012004CEC4BF0010E076E9DEC38F0120036
:1096680001014189800E76EC49F012000850000192
:109678007E6F07C57DF01200076E0750030B0601C9
:109688008D6F1200096E09C507F5B6EC49F0120096
:109698000001849FAA94AA92AA90120007C5EAF62C
:1096A80008C5EBF6120007C5F6F608C5F7F612006E
:1096B80007C5F8F608C5F9F6120007C5FAF608C591
:1096C800FBF612000B6E0B5076EC49F012000850B6
:1096D8005E6E07C55FF512001DEC45F0E7EC41F042
:1096E80012001DEC45F0E7EC41F012001DEC45F0CE
:1096F800E7EC41F012001DEC45F0E7EC41F01200F8
:109708001DEC45F0E7EC41F012001DEC45F0E7ECEC
:1097180041F012001DEC45F0E7EC41F012001DECA1
:1097280045F0E7EC41F012000601876B3EEC3FF094
:1097380012000AC607F50BC608F512000CC607F595
:109748000DC608F5120007C508F608C509F6120087
:1097580007C50AF608C50BF6120007C50CF608C5BA
:109768000DF612007CC607F57DC608F512007AC60C
:1097780007F57BC608F5120007C57CF608C57DF617
:10978800120007C57AF608C57BF6120007C5E8F689
:1097980008C5E9F6120007C5F0F608C5F1F612008B
:1097A80007C5ECF608C5EDF6120007C5F4F608C5BE
:1097B800F5F6120007C5F2F608C5F3F6120007C55C
:1097C800EEF608C5EFF61200010E14EC40F0120098
:1097D800076E07C5ECF31200010141911200060162
:1097E800845112000601846B1200FCEC4BF012004D
:1097F8000001419F12005E6A5F6A12000301F38153
:109808001200A1EC49F012004CEC4BF012000301DD
:109818001F9F120003011F8F120001C51DF31200C4
:10982800B3941200B3921200120012001200120038
:089838001200120012001200E0
:10CF4E0000B480D0971C971488688D1297EC7D38AA
:10CF5E004308976074126BFE9630976650F4964CA9
:10CF6E0084F833269738859873EA96D478B862E0B9
:10CF7E0096969300003A719896000000000000A467
:10CF8E00856C93000000000000000000000000BE51
:10CF9E009300001C98F295000000000000229800FB
:10CFAE000094970000809100000000000000000037
:10CFBE0000000000000000A4960000020000030024
:10CFCE000640000000024000030002400000007313
:10CFDE00FADAF741F5A8F2C8ED57E210E8CBDB021A
:10CFEE00040506070100C8ED73FA207E12FFFFFF4D
:10CFFE00FFFFFFFFFFFFFFFFFFFFFFFFFFFFFFFF33
:10D00E00FFFFFFFFFFFFFFFFFFFFFFFFFFFFFFFF22
:10D01E00FFFFFFFFFFFFFFFFFFFFFFFFFFFFFFFF12
:10D02E00FFFFFFFFFFFFFFFFFFFFFFFFFFFFFFFF02
:10D03E00FFFFFFFFFFFFFFFFFFFFFFFFFFFFFFFFF2
:10D04E00FFFFFFFFFFFFFFFFFFFFFFFFFFFFFFFFE2
:10D05E00FFFFFFFFFFFFFFFFFFFFFFFFFFFFFFFFD2
:10D06E00FFFFFFFFFFFFFFFFFFFFFFFFFFFFFFFFC2
:10D07E00FFFFFFFFFFFFFFFFFFFFFFFFFFFFFFFFB2
:10D08E00FFFFFFFFFFFFFFFFFFFFFFFFFFFFFFFFA2
:10D09E00FFFFFFFFFFFFFFFFFFFFFFFFFFFFFFFF92
:10D0AE00FFFFFFFFFFFFFFFFFFFFFFFFFFFFFFFF82
:10D0BE00FFFFFFFFFFFFFFFFFFFFFFFFFFFFFFFF72
:10D0CE00FFFFFFFFFFFFFFFFFFFFFFFFFFFFFFFF62
:10D0DE00FFFFFFFFFFFFFFFFFFFFFFFFFFFFFFFF52
:10D0EE00FFFFFFFFFFFFFFFFFFFFFFFFFFFFFFFF42
:10D0FE00FFFFFFFFFFFFFFFFFFFFFFFFFFFFFFFF32
:10D10E00FFFFFFFFFFFFFFFFFFFFFFFFFFFFFFFF21
:10D11E00FFFFFFFFFFFFFFFFFFFFFFFFFFFFFFFF11
:10D12E00FFFFFFFFFFFF0F0000F8FFFFFFFFFFFFF6
:10D13E00FFFFFFFFFFFFFFFF00000000FFFFFFFFED
:10D14E00FFFFFFFFFFFFFFFFFF0F00000000F0FFDC
:10D15E00FFFFFFFFFFFFFFFFFFFFFF0000000000CC
:10D16E0080FFFFFFFFFFFFFFFFFFFFFF1F0000001D
:10D17E00000000FCFF9FFFFFFFFFFFFFFFFF070008
:10D18E000000000000F0FF07FEFFFFFFFFFFFFFFA4
:10D19E0001000000000000C0FFF3F8FFFFFFFFFFDB
:10D1AE00FF3F00000000000000C0FF09F1FFFFFF7D
:10D1BE00FFFFFF1F0000000000000080FFECF2FFE9
:10D1CE00FFFFFFFFFF070000000000000000FFEC64
:10D1DE00F6FFFFFFFFFFFF01000000000000000050
:10D1EE00FF0CF7FFFFFFFFFFFF0000000000000035
:10D1FE000000FE6CF7FFFFFFFFFF3F000000000086
:10D20E0000000000FCE9F2FFFFFFFFFF1F0000001F
:10D21E00000000000000FCF9F9FFFFFFFFFF070010
:10D22E000000000000000000F8F3F8FFFFFFFFFF12
:10D23E0003000000000000000000F007FEFFFFFFEB
:10D24E00FFFF01000000000000000000F0FFFFFFE4
:10D25E00FFFFFFFF00000000000000000000E0FFE5
:10D26E00FFFFFFFFFF7F0000000000000000000036
:10D27E00C0FFFFFFFFFFFF3F0000000000000000A7
:10D28E000000C0FFFFFFFFFFFF1F000000000000B7
:10D29E000000000080FFFFFFFFFFFF0F00000000F7
:10D2AE0000000000000080FFFFFFFFFFFF030000F3
:10D2BE00000000000000000000FFFFFFFFFFFF0363
:10D2CE000000000000000000000000FEFFFFFFFF56
:10D2DE00FF010000000000000000000000FEFFFF44
:10D2EE00FFFFFF000000000000000000000000FC37
:10D2FE00FFFFFFFF7F00000080030000000080039F
:10D30E0000F8FFFFFFFF3F000000E00F00000000ED
:10D31E00E00F00F8FFFFFFFF3F000000F01F0000CE
:10D32E000000F01F00F0FFFFFFFF1F000000F83F9E
:10D33E0000000000F83F00F0FFFFFFFF0F000000AD
:10D34E00FC7F00000000FC7F00E0FFFFFFFF0700F6
:10D35E000000FEFF00000000FCFF00C0FFFFFFFF0B
:10D36E0007000000FEFF00000000FEFF00C0FFFFF0
:10D37E00FFFF03000000FFFF01000000FFFF018020
:10D38E00FFFFFFFF03000080FFFF01000000FFFF13
:10D39E000300FFFFFFFF01000080FFFF030000807E
:10D3AE00FFFF0300FFFFFFFF000000C0FFFF0700AD
:10D3BE0000C0FFFF0700FEFFFFFF000000E0FFFFC1
:10D3CE00070000C0FFFF0700FCFFFF7F000000F01A
:10D3DE00FFFF0F0000E0FFFF0F00FCFFFF7F0000CC
:10D3EE0000F0FFFF1F0000F0FFFF1F00F8FFFF3FE0
:10D3FE00000000F8FFFF1F0000F8FFFF1F00F8FFFE
:10D40E00FF3F000000FCFFFF3F0000F8FFFF3F0062
:10D41E00F0FFFF3F000000FCFFFF3F0000FCFFFF9E
:10D42E007F00E0FFFF1F000000FEFFFF7F0000FEF9
:10D43E00FFFF7F00E0FFFF1F000000FFFFFFFF0068
:10D44E0000FFFFFFFF00C0FFFF0F000080FFFFFF88
:10D45E00FF0100FFFFFFFF0080FFFF0F000080FFB6
:10D46E00FFFFFF0180FFFFFFFF0180FFFF0F0000A6
:10D47E00C0FFFFFFFF03C0FFFFFFFF0300FFFF071B
:10D48E000000C0FFFFFFFF0380FFFFFFFF0300FE52
:10D49E00FF07000080FFFFFFFF0780FFFFFFFF0772
:10D4AE0000FEFF07000000FFFFFFFF0F00FFFFFF62
:10D4BE00FF0F00FCFF07000000FFFFFFFF0F00FF44
:10D4CE00FFFFFF0F00FCFF03000000FEFFFFFF1F2A
:10D4DE0000FEFFFFFF1F00F8FF03000000FCFFFF30
:10D4EE00FF3F00FCFFFFFF3F00F0FF03000000FCCA
:10D4FE00FFFFFF3F00FCFFFFFF3F00F0FF030000B8
:10D50E0000F8FFFFFF7F00F8FFFFFF7F00E0FF0343
:10D51E00000000F0FFFFFF7F00F0FFFFFF7F00E045
:10D52E00FF01008000F0FFFFFFFF00F0FFFFFFFF95
:10D53E0000C0FF0100C001E0FFFFFFFF01E0FFFFA1
:10D54E00FFFF0180FF0100E003E0FFFFFFFF01E0AE
:10D55E00FFFFFFFF0100FF0100E003C0FFFFFFFF21
:10D56E0003C0FFFFFFFF0300FF0100F00780FFFF76
:10D57E00FFFF0780FFFFFFFF0700FE0100F80F808F
:10D58E00FFFFFFFF0780FFFFFFFF0700FE0100F810
:10D59E000F00FFFFFFFF0F00FFFFFFFF0F00FC015B
:10D5AE0000FC1F00FEFFFFFF0F00FEFFFFFF0F003E
:10D5BE00F80100FE1F00FEFFFFFF1F00FEFFFFFF32
:10D5CE001F00F80100FF3F00FCFFFFFF3F00FCFFC4
:10D5DE00FFFF3F00F00100FF7F00F8FFFFFF3F005D
:10D5EE00F8FFFFFF7F00E00180FF7F00F8FFFFFFE5
:10D5FE007F00F8FFFFFF7F00E001C0FFFF00F0FF9C
:10D60E00FFFFFF00F0FFFFFFFF00C001C0FFFF01A3
:10D61E00F0FFFFFFFF00F0FFFFFFFF00C001E0FF84
:10D62E00FF01E0FFFFFFFF01E0FFFFFFFF018001B1
:10D63E00F0FFFF03C0FFFFFFFF03C0FFFFFFFF016F
:10D64E000001F0FFFF07C0FFFFFFFF03C0FFFFFF5A
:10D65E00FF030001F8FFFF0780FFFFFFFF0780FFBA
:10D66E00FFFFFF070001FCFFFF0F00FFFFFFFF079B
:10D67E0000FFFFFFFF0F0001FEFFFF1F00FFFFFF78
:10D68E00FF0F00FFFFFFFF0F0003FEFFFF1F00FE57
:10D69E00FFFFFF1F00FEFFFFFF1F0003FFFFFF3F07
:10D6AE0000FEFFFFFF1F00FEFFFFFF1F8083FFFF37
:10D6BE00FF3F00FCFFFFFF3F00FCFFFFFF3F80C36B
:10D6CE00FFFFFF7F00F8FFFFFF7F00F8FFFFFF7FE8
:10D6DE0080C3FFFFFF7F00F8FFFFFF7F00F8FFFF13
:10D6EE00FF7F80E3FFFFFF7F00F0FFFFFFFF00F0F3
:10D6FE00FFFFFFFFC0F7FFFFFFFF00E0FFFFFFFF91
:10D70E0000E0FFFFFFFFC1F7FFFFFF7F00E0FFFF1D
:10D71E00FFFF01E0FFFFFFFFC1F7FFFFFF7F00C02C
:10D72E00FFFFFFFF03C0FFFFFFFFE3F7FFFFFF7FDA
:10D73E000080FFFFFFFF03C0FFFFFFFFE3FFFFFFC0
:10D74E00FF3F0080FFFFFFFF0780FFFFFFFFF7EFA8
:10D75E00FFFFFF3F0000FFFFFFFF0700FFFFFFFF80
:10D76E00F7EFFFFFFF1F0000FEFFFFFF0700FEFFAA
:10D77E00FFFFF7FFFFFFFF0F0000FEFFFFFF03009D
:10D78E00FEFFFFFFFFDFFFFFFF0F0000FCFFFFFFAD
:10D79E000100FCFFFFFFFBFFFFFFFF070000FCFF88
:10D7AE00FFFF0000FCFFFFFFFFBFFFFFFF030000B6
:10D7BE00F8FFFFFF0000F8FFFFFFFDFFFFFFFF0177
:10D7CE000000F0FFFF7F0000F8FFFFFFFFFFFFFFED
:10D7DE00FF010000F0FFFF7F0000F0FFFFFFFFFFE3
:10D7EE00FFFFFF000000E0FFFF3F0000E0FFFFFF34
:10D7FE00FFFFFEFF7F000000C0FFFF1F0000C0FF05
:10D80E00FF7FFFFFFFFF3F000000C0FFFF0F000084
:10D81E00C0FFFFFFFFFFFDFF3F00000080FFFF0F77
:10D82E00000080FFFFBFFFFFFFFF1F00000080FF13
:10D83E00FF07000080FFFFFFFFFFFFFF0F0000004C
:10D84E0000FFFF03000000FFFFDFFFFFF7FF0F00E9
:10D85E00000000FEFF03000000FEFFFFFFFFFFFFC2
:10D86E000700000000FEFF01000000FEFFFFFFFFAB
:10D87E00EFFF0300000000FCFF00000000FCFFF7BC
:10D88E00FFFFDFFF0100000000F87F00000000F83E
:10D89E00FFFBFFFFFFFF0100000000F87F0000000C
:10D8AE0000F8FFFFFFFFFFFF0000000000F03F0049
:10D8BE00000000F0FFFFFFFF7F7F0000000000E090
:10D8CE001F00000000F0FFFEFFFFFF7E00000000C3
:10D8DE0000C00F00000000E07FFFFFFFFF3D0000D3
:10D8EE00000000000300000000C0BFFFFFFFFF1B91
:10D8FE000000000000000000000000C0DFFFFFFF7E
:10D90E00FF07000000000000000000000080EFFF95
:10D91E00FFFFFF0F000000000000000000000000ED
:10D92E00FFFFFFFFFF1F00000000000000000000CF
:10D93E000000FFFFFFFFFF3F00000000000000009F
:10D94E0000000000FCFFFFFFFF7F00000000000052
:10D95E00000000000000FEFFFFFFFFFF00000000C0
:10D96E000000000000000000FFFFFFFFFFFF0100AE
:10D97E0000000000000000000080FFFFFFFFFFFF1F
:10D98E000300000000000000000000C0FFFFFFFFCA
:10D99E00FFFF0700000000000000000000F0FFFF86
:10D9AE00FFFFFFFF1F00000000000000000000F856
:10D9BE00FFFFFFFFFFFF3F00000000000000000020
:10D9CE0000FCFFFFFFFFFFFFFF0000000000000054
:10D9DE00000000FFFFFFFFFFFFFFFF010000000040
:10D9EE000000000080FFFFFFFFFFFFFFFF070000AA
:10D9FE00000000000000E0FFFFFFFFFFFFFFFF0F32
:10DA0E000000000000000000F8FFFFFFFFFFFFFF17
:10DA1E00FF3F0000000000000000FEFFFFFFFFFFC1
:10DA2E00FFFFFFFF0000000000000080FFFFFFFF70
:10DA3E00FFFFFFFFFFFF07000000000000E0FFFFF9
:10DA4E00FFFFFFFFFFFFFFFF1F000000000000F8B9
:10DA5E00FFFFFFFFFFFFFFFFFFFFFF0000000000C3
:10DA6E0000FFFFFFFFFFFFFFFFFFFFFFFF070000AD
:10DA7E000000E0FFFFFFFFFFFFFFFFFFFFFFFFFFC5
:10DA8E0000000000FFFFFFFFFFFFFFFFFFFFFFFF94
:10DA9E00FFFF0F0000F0FFFFFFFFFFFFFFFFFFFF85
:10DAAE00FFFFFFFFFFFFFFFFFFFFFFFFFFFFFFFF78
:10DABE00FFFFFFFFFFFFFFFFFFFFFFFFFFFFFFFF68
:10DACE00FFFFFFFFFFFFFFFFFFFFFFFFFFFFFFFF58
:10DADE00FFFFFFFFFFFFFFFFFFFFFFFFFFFFFFFF48
:10DAEE00FFFFFFFFFFFFFFFFFFFFFFFFFFFFFFFF38
:10DAFE00FFFFFFFFFFFFFFFFFFFFFFFFFFFFFFFF28
:10DB0E00FFFFFFFFFFFFFFFFFFFFFFFFFFFFFFFF17
:10DB1E00FFFFFFFFFFFFFFFFFFFFFFFFFFFFFFFF07
:10DB2E00FFFFFFFFFFFFFFFFFFFFFFFFFFFFFFFFF7
:10DB3E00FFFFFFFFFFFFFFFFFFFFFFFFFFFFFFFFE7
:10DB4E00FFFFFFFFFFFFFFFFFFFFFFFFFFFFFFFFD7
:10DB5E00FFFFFFFFFFFFFFFFFFFFFFFFFFFFFFFFC7
:10DB6E00FFFFFFFFFFFFFFFFFFFFFFFFFFFFFFFFB7
:10DB7E00FFFFFFFFFFFFFFFFFFFFFFFFFFFFFFFFA7
:10DB8E00FFFFFFFFFFFFFFFFFFFFFFFFFFFFFFFF97
:10DB9E00FFFFFFFFFFFFFFFFFFFFFFFFFFFFFFFF87
:10DBAE00FFFFFFFFFFFFFFFFFFFFFFFFFFFFFFFF77
:10DBBE00FFFFFFFFFFFFFFFFFFFFFFFFFF1C1C0C20
:10DBCE000C0E06060600070736363213119000D8E3
:10DBDE0000D800FE01FE016C00FF00FF003600368B
:10DBEE00003600000060007000F8018C010C003C53
:10DBFE0000F800C000C200E6007F0018000C00080C
:10DC0E00003800440042002200DC017800770088D2
:10DC1E0000840044003800F0F80C0C1CDEFB73FF8F
:10DC2E007E0303010101180C0C0606030303030314
:10DC3E00030706060C1C1818181818180C0C0606E4
:10DC4E0003011010FFFF1C3636300030003000FF8D
:10DC5E0001FF0118001800180008000C060203014D
:10DC6E00FF01FF010707000000060003800180018D
:10DC7E00C000600060003000180018000C000600A4
:10DC8E0006000300F000F8018C0186018601860172
:10DC9E008200C300C30063007F001E0060383C3664
:10DCAE003030101818187F7FE001F00318030803B6
:10DCBE000003C001E00070001C008E01FF00FF0099
:10DCCE00F800FC0180018001C00070007000C000EF
:10DCDE00C000E0007F003F00C0E0D0D84C66FFFFE0
:10DCEE007878FC01FC0006007E00FE00C600C00035
:10DCFE00C00060007F001E00E001F0011C000C005F
:10DD0E0006007E00FF00C700C300E3007F003E0058
:10DD1E00FFFFC360603018180C0C06F800FC018E73
:10DD2E00018601C6007C007E00C600C300E3007FB2
:10DD3E00003E0078FCCCC6C6E6FE7C60381F0F0E97
:10DD4E000E0000000007073838000000000C0C061B
:10DD5E0002010003E00178001E000F003800F00001
:10DD6E00C000FE03FE0300000000FE03FF030C00D4
:10DD7E003C007000E001E00378001E0003003E7FCF
:10DD8E00636070380E06000707F000F8018C0186FC
:10DD9E0001E600F200FA00DB005B00FB00F300037B
:10DDAE000003003F001E00F001F801E001E001B0A9
:10DDBE00011803F803FC030C039F078F07FC03FCF9
:10DDCE000718061806F803F80308060C060C06FEDC
:10DDDE0003FF01F00FF80F0C060606060003000302
:10DDEE000003000703FE01FC00FC01FC03180718EA
:10DDFE000608060C060C060C038C03FE017F00FCC5
:10DE0E0007FC071806D806F800F8004C000C000CAA
:10DE1E0002FF03FF03FC0FFC071806D806F800FCF0
:10DE2E00004C000C000C003F003F00F007F8070C00
:10DE3E0002060006000300E303E3038701FF017CF3
:10DE4E0000780F3C0F180618020803FC03FC030CA5
:10DE5E00018C01DF03DF03FC03FC036000200030B4
:10DE6E00003000300010001800FF00FF00E00FE04F
:10DE7E000F000180018001800186018200C3007FB6
:10DE8E00003E007C07FC079801D80068007C00DC8F
:10DE9E0000CC008C009F039F03FC00FC0030003080
:10DEAE000030001000180018061806FE03FF031CB1
:10DEBE001C1C1E380F3C0FBC05FC07E4066606064C
:10DECE00069F078F073C1F3C0F380678066806EC46
:10DEDE0006CC02CC038C039E031F03F000FC018EC4
:10DEEE000306030303030303038301C701FE003C80
:10DEFE0000FC03FC07180618061807F803F8010CB7
:10DF0E00000C007E003F00F000FC018E03060303B0
:10DF1E0003030303038301C700FE003C000400FE5D
:10DF2E0000FF00FC03FC07180618060807FC03FC9C
:10DF3E00018C018C031F0F1F0E7803FC038E01064C
:10DF4E00000E007E00F800C300C3007F003D00FEFF
:10DF5E0003FE0326033303300030001000180018B0
:10DF6E00007E007E009F07DF070603060302018383
:10DF7E000183018301C7007E003C009F078F0706C7
:10DF8E00038601C600CE006C006C003C001C00181D
:10DF9E00009F079F07060336033201FA01EB01EFDC
:10DFAE0000E700E70063003C0F3C0F3803B001F0C0
:10DFBE00006000F000D8018C01CF03CF039E078EC6
:10DFCE00038C01CC00780038001800180018007E71
:10DFDE00007F00FC03FC038C01CC006000300018B5
:10DFEE00008C018601FF00FF0078780C0C0C0C04ED
:10DFFE0006060602030F0F00030303060606060CB1
:10E00E000C0C0C181818783C3030303018181818C2
:10E01E00080C0F0F10383C6EE7C3FE07FF07010216
:10E02E0004F000F801F801FE01C700C300FF03FE73
:10E03E00031C001C001800F801F8031C070C060C4A
:10E04E00060C03FF03F700F803FC0386010300032D
:10E05E00000300FF007E008007800300037803FCAE
:10E06E0003860183018301C301FF03BE03F800FC95
:10E07E00010601FF01FF01C300FF003E00E003F0B7
:10E08E00031800FE01FE0108000C000C000C007FBE
:10E09E00007F007807FC07860183018301C700FF1C
:10E0AE0000DC00C000E0007E003E001C001E0008E8
:10E0BE0000EC00FC018C0184018600C600EF03EF2A
:10E0CE000360006000000078007C0020003000300B
:10E0DE00003000FE01FF018001C0000000FC01FCC9
:10E0EE000180018000C000C000C000C00040006080
:10E0FE00003F001F001C001C001800C803EC037C2E
:10E10E00003C003C006400E701E701F80078006085
:10E11E0000600060002000300030003000FE01FF83
:10E12E00017E07FE0FCC0C640C660C6604EF0E6FBE
:10E13E000EEE01FE030C030403060186018F078F0A
:10E14E0007F800FC018603030303038701FE007C2E
:10E15E0000FC07FC0F380C180C180C1806FC07EC0A
:10E16E00010C000C003F001F007807FE078601839C
:10E17E00018301C701FF01BC00C000C000F001F027
:10E18E00019C03FE033800180008000C00FF007FFE
:10E19E0000F8FEC67EF8C37F3F080008000C00FFA3
:10E1AE0000FF000C00040006000600FE007C00CFFD
:10E1BE0003CF03060186018601C601FE01FC01DFC5
:10E1CE0007DF078C01CC006C006C00380018008F44
:10E1DE00078F073603F601FE01EE00EE0066009E85
:10E1EE00079E03DC0178007800EC00CF01EF013CC4
:10E1FE000F1C0F180398039801F800700070003080
:10E20E000018003F003F00FE01FE01E60030001C3A
:10E21E0000C600FF00FF0060701818180C0F070CE6
:10E22E000406060E0C0C0C0C040406060602020371
:10E23E00030301307020303030F0F01818080C0F46
:10E24E00071C009F01FB0070000707070707070266
:10E25E000200070737222222226C6C6CFEFE6CFF36
:10E26E00FF3C3C3C00187E7F63031F7E6062623E73
:10E27E0018181806090909661C3B444464383C7E8C
:10E28E0006060CDEFB73FFFE03020202020C0E06F4
:10E29E000603030303030306060C08030706060C16
:10E2AE000C0C0C0C0C060603011818FFFF3C3C6608
:10E2BE00181818FFFF181818180602030101FF019D
:10E2CE00FF01030340606030301818180C0C06066E
:10E2DE000303011C3E77636363636363773E1C1C19
:10E2EE001E1B1818181818187E7E3C7FE3C0C060DD
:10E2FE0030180EC7FFFF3E7FC0C0C07878E0C0C0A8
:10E30E007F3E3838343432337F7F7C7C7E007E0013
:10E31E0006007E00FE00C60180018001C301FF00E1
:10E32E007E00F0FC0C06063B7FC7C3C67E3CFFFF9B
:10E33E00C3C0606060303030181C3E6363633E3E85
:10E34E006363633F1C3C7E67C3C3E7FEDC60703FC4
:10E35E000F03030000000003030606000000000682
:10E36E00020301018001E00038000E001F0038009A
:10E37E00E0008001FF01FF0100000000FF01FF012E
:10E38E0003000F003C00F000F0013C000F00030002
:10E39E003E7FE3C070380000000C0C78007C00CE8D
:10E3AE0000C700E300F300DB00DB00DB00FB01F342
:10E3BE00010700C600FE0078003C007C007000D013
:10E3CE0000D800D800FC01FC018E03DF07DF07FF39
:10E3DE0000FF0186018601FE00FE0186030603068C
:10E3EE0003FF03FF00F801FE01C6018301030003D2
:10E3FE0000030003008601FE01F8007F00FF018686
:10E40E0001060306030603060306038601FF017FCA
:10E41E0000FF01FF018601B6013E003E0036008678
:10E42E00018601FF01FF01FF01FF018601B6013EDA
:10E43E00003E003600060006001F001F00F801FE19
:10E44E00018601830103000300E303E3038701FE5A
:10E45E0001FC00EF01EF01C600C600C600FE00FE83
:10E46E0000C600C600EF01EF013F3F0C0C0C0C0C78
:10E47E000C0C3F3FF803F803C000C000C000C00002
:10E48E00C300C300E3007F003E00EF01EF01660012
:10E49E0036001E003E0076006600C600CF03CF0396
:10E4AE003F003F000C000C000C000C008C018C0196
:10E4BE008C01FF01FF0107078F078E03DE03DE03CA
:10E4CE00D6037603760306038F078F0787078F071A
:10E4DE001E031E03360376036603C603C6038F03AD
:10E4EE000F03F800FC018E0307070306030603065D
:10E4FE0007078E03FC01F8007F00FF0086018601EE
:10E50E008601FE007E00060006001F001F00F800B8
:10E51E00FC018E03070703060306030607078E0397
:10E52E00FC01F8001806FC07FC033F007F00C60044
:10E53E00C600E6007E003E006600C600DF019F01B9
:10E54E00FC01FE01830103000F00FE00F0018301B8
:10E55E00C301FF007F00FF01FF019B019B019B0197
:10E56E0018001800180018007E007E008F078F0715
:10E57E000603060306030603060306030603FC0151
:10E58E00F800DF07DF070E038C018C01D800D800DE
:10E59E005000700070002000DF03DF030603260327
:10E5AE00760376035E03DE01DE01DC018C01CF0310
:10E5BE00CF03CE01FC00780030007800CC00CE01F5
:10E5CE00CF03CF03CF03CF03CE01CC00780078006A
:10E5DE00300030003000FC00FC007F7F63331818E1
:10E5EE000CC6C3FFFF0F0F03030303030303030351
:10E5FE00030F0F0001030306060C0C1818303060D1
:10E60E0060400F0F0C0C0C0C0C0C0C0C0C0C0F0FA8
:10E61E00081C1E366341FF07FF070102047E00FE41
:10E62E0000FC00FE00C700C300FF01FE010700074B
:10E63E00000600F600FE018E03060306038E03FF9E
:10E64E0001F700FC01FE018701830103000701FEB3
:10E65E0001FC00C001C0018001BC01FE01C70183A5
:10E66E00018301C701FE03FC037C00FE00C301FF12
:10E67E0001FF010300FE01FC00F8FC0C7E7E0C0C79
:10E68E000C0C7F7FFC01FE01E700C300C300E70016
:10E69E00FE00DC00C000C000FC007C00070007008C
:10E6AE0006007600FE00CE00C600C600C600EF01D2
:10E6BE00EF011818001E1E18181818FFFF18180062
:10E6CE003F3F30303030303030303F1F07000700D2
:10E6DE000600F600F6003E001E003E007600E70142
:10E6EE00E7011E1E18181818181818FFFFBF01FF93
:10E6FE00036603660366036603EF07EF077700FF03
:10E70E0000C600C600C600C600EF01EF017C00FE89
:10E71E0000C70183018301C701FE007C00F700FFE3
:10E72E00030E07060606060E07FE03F60006000693
:10E73E00001F001F007807FE0787030303030387EC
:10E74E0003FE03780300030003C007C007EE01FEBB
:10E75E00013C000C000C000C007F007F00FCFFC38E
:10E76E003FFCC3FF3F0606067F7F06060686FE7C3D
:10E77E00E700E700C600C600C600C600FE01FC01A9
:10E78E00DF07DF078C018C01D800D8007000700005
:10E79E008F078F0776037603FC01DC01DC018C0109
:10E7AE00EF01EF016C0038003C00EE00EF01EF01CD
:10E7BE00CF03CF038601CC00CC0078007800300068
:10E7CE00300018003F003F007F7F33180C467F7FDC
:10E7DE000C0E060606060303060606060E0C0303BB
:10E7EE0003030303030303030303030303070606E1
:10E7FE0006060C0C0606060607030E009F01F30024
:10E80E00600008080404040202000000031B1B0938
:10E81E0009099000500050004800FE012800280011
:10E82E00FF00140014001400120010B8C4020E38B9
:10E83E004041211E04043800440044003800800189
:10E84E0070000E007000880088007000780C0404C0
:10E85E000C4A2931112E030301010108040402029E
:10E86E00010101010101010100080808080808085A
:10E87E0004040202010808691E0C0A11200020007F
:10E88E001000FF0110001000100000000C06020323
:10E89E0001FF0103030001800080004000200020E2
:10E8AE0000100008000800040002000200010038F9
:10E8BE004442424141212121110E203824201010C2
:10E8CE00101010087FE00090010801000180006028
:10E8DE000010000800060001007F00F0000001009B
:10E8EE000180006000C00080008000800061001E7A
:10E8FE0000C0A05048444442FE202078F801080091
:10E90E0004007400CC0080008000800040002100D4
:10E91E001E00E01804023A65434141231E7F412048
:10E92E00201008080404020278C482824638664128
:10E93E0041211E78C48282C2A65C402018070606BA
:10E94E0000000000030318180000000C0606030167
:10E95E00008001600018000600060008003000402C
:10E96E0000FF0100000000FF01040018002000C09D
:10E97E0000400030000C0003003C634140300C04AA
:10E98E0000000338444272494525390101031EF047
:10E99E0000C0002001200110010801F8010401044B
:10E9AE00028F07FC01080208020401FC01040304A3
:10E9BE000204020601FF0078018C0102010200012F
:10E9CE000001000100010082007C00FC000C01042B
:10E9DE000204020402040204010201C2003F00FC10
:10E9EE00030802080044007C0044000400040106F1
:10E9FE0001FF01FC070802080044007C00440004EB
:10EA0E0000040006001F0078018C010200020001C4
:10EA1E0000F1008100810082007C00BC0708030821
:10EA2E00010801FC010401040184008400EF01FCD3
:10EA3E000120001000100010001000100008000847
:10EA4E00007F00F007800080008000800080004181
:10EA5E0000410021001E003C0708018800440034DC
:10EA6E00004C004400840086008F037C00100010D0
:10EA7E0000100008000800080208010801FF011C30
:10EA8E001C180628052805A4046404640604020460
:10EA9E00028F070E070C0214021402240124012215
:10EAAE00014201C2008F0078008C000201020101B8
:10EABE000101018100810062003C00FC0108030895
:10EACE000204020401FC000400040006001F00788A
:10EADE00008C00020102010101010181008100622E
:10EAEE00003C0004005E006200FC01080308020402
:10EAFE00020401FC008400840006010F02F001886C
:10EB0E0001040104001800E0008000810043003D74
:10EB1E0000FF011101080008000800080008000CA1
:10EB2E000004003F008F03020102010201820181F5
:10EB3E00008100810063003E008F07020102018206
:10EB4E00004400440024001400140008008F070243
:10EB5E0002220132012A01AA00A500A5006300636A
:10EB6E00001C07080290015000200030004800846D
:10EB7E00008200C701C7018200420024001800086D
:10EB8E00000800080004003F00FC0184004400203F
:10EB9E0000100008000400820041007F001C0404E5
:10EBAE000402020202020201010701010202020234
:10EBBE0004040404080808081C10101008080808AB
:10EBCE0008080808071028244241FF030101027CAF
:10EBDE000080008000BC00C20041006100DE011C0C
:10EBEE000010000800C80338060804080404040CCA
:10EBFE00020C01F700F8028403020101000100017A
:10EC0E000083017C008001000100013801C60082F2
:10EC1E00008100810081004300FE01F800860102A0
:10EC2E0001FF010100010002007C00E00330001032
:10EC3E0000FC010800080008000800080004007F1E
:10EC4E0000B803C600820081004100410063005EEF
:10EC5E0000400020001E000C0008000800E8001C08
:10EC6E000104010401040184008600CF032020006A
:10EC7E001C101010100808FF800080000000F80122
:10EC8E008000800080008000400040004000400076
:10EC9E0020001F001C0008000800C80148002800C2
:10ECAE0014002C0024004400C7013C20201010103A
:10ECBE0010100808FF7C07C80444044404440224CE
:10ECCE000222026706EC0014010C01040104018407
:10ECDE000084008F0178008400020101010101818E
:10ECEE000043003C00CC0338060804080404040C5E
:10ECFE00020C03F400040002001F003803C6008259
:10ED0E000081008100810043007E0040004000F839
:10ED1E0000CE013800080004000400040004007F47
:10ED2E0000F886023CC081413F080C7F04040402B7
:10ED3E0002027CC700840082008200420042006210
:10ED4E0000DE00CF03820082004400240024001461
:10ED5E000008008703020192009200AA0066006676
:10ED6E000022009C030801D00030003000480086CD
:10ED7E0000C7013C0E08020802100190005000600E
:10ED8E00002000100008003F00FE42201008044240
:10ED9E007F300808080C040304040202020604046F
:10EDAE0004040202020202010101181010100808E8
:10EDBE003008080404040306493001010101010171
:10EDCE0001000000033712121212242424247F247F
:10EDDE00247F14141212107C46020C708081C37DA5
:10EDEE0010100E11110E403807384444381C020220
:10EDFE0002064B2931136E070202020202020101C2
:10EE0E0001010101010101020201010102020202DE
:10EE1E000202020101010808493E0C1422080808EA
:10EE2E007F0808080602030101FF000303402020AB
:10EE3E00301010080804040202011C224141414115
:10EE4E00414141221C040705040404040404041F68
:10EE5E001C2241404020100806017F3E6040403891
:10EE6E0060808080423C181414121111113F101052
:10EE7E00383E02023E2240404040231C78040201EC
:10EE8E001D23434143221C7F4040202020101010A0
:10EE9E0008081C224141221C224141631C1C226194
:10EEAE004161625C4020100F030300000000030369
:10EEBE000606000000060202030101C02018060625
:10EECE001820C0FF0100000000FF0102000C0030FE
:10EEDE0000C000400030000C0002003C4340603097
:10EEEE0008000000183C6241714D4545F9010102D0
:10EEFE003C3C0050005000480088008400FC000498
:10EF0E000102018F077F00C2008200C2007E0082D4
:10EF1E0000020102018201FF007C01860103010152
:10EF2E000001000100010002000601F8007F00C28E
:10EF3E0000820102010201020102018201C2007F70
:10EF4E0000FF008200020022003E002200020002AA
:10EF5E00010201FF01FF010201020022003E002218
:10EF6E00000200020002000F007801860103010179
:10EF7E00000100C103010103010601F800C701826F
:10EF8E000082008200FE008200820082008200C7A2
:10EF9E00011F04040404040404041FF8404040400C
:10EFAE00404141631EC7014200220012001A002692
:10EFBE000042004200820087010702020202028222
:10EFCE008282FF070706038A028A02520252022237
:10EFDE0002020202020707C30186008A008A00921B
:10EFEE00009200A200A200C20087007800C6008234
:10EFFE000001010101010101018200C60078007FBC
:10F00E00C28282423E0202020F3800C60082000116
:10F01E00010101010101018200C6007C0008003CD3
:10F02E0001C4007F00C2008200820042003E002226
:10F03E00004200820087015C6642020C3040416350
:10F04E003DFF011101110110001000100010001001
:10F05E000010007C00C701820082008200820082C4
:10F06E000082008200440038008F07020104010470
:10F07E00018400880048005000300020008F0702F5
:10F08E000222025201520154014C018C018C018466
:10F09E0001C701820044002800100018002400441B
:10F0AE00008200C701C7018200440028002800101A
:10F0BE00001000100010007C003F2111080804020F
:10F0CE0042417F030101010101010101010101031F
:10F0DE000102020604040808101020204003020258
:10F0EE00020202020202020202030814122241FF6D
:10F0FE00070102047E0080008000FC008300810076
:10F10E00C100BE010300020002007A008600020167
:10F11E0002010201020186007B005C6241010101D5
:10F12E00423CC00080008000BC00C2008100810013
:10F13E0081008100C200BC013CC281FF0101867CBE
:10F14E003C02021F0202020202021FBC01C2008127
:10F15E0000810081008100C200BC008000C00078E8
:10F16E00000300020002007A00C6008200820082C4
:10F17E000082008200C70108000E0808080808086F
:10F18E007F08001F1010101010101010180F03021F
:10F19E0002F2221A0E122242E30E0808080808088C
:10F1AE000808087FED001301110111011101110171
:10F1BE00110113017A00C6008200820082008200D3
:10F1CE008200C7017C00C60001010101010101019D
:10F1DE00C6007C007B0086000201020102010201D2
:10F1EE0086007A00020002000700BC01C200810006
:10F1FE00810081008100C200BC0080008000C0013F
:10F20E00730A06020202021F5C62420E7041433D07
:10F21E0002023F0202020202827CC3828282828248
:10F22E00C2BCC701820042004400440028002800EE
:10F23E001000C701810092009A009A00AA00660091
:10F24E004400C70046002800100028004400820039
:10F25E00C701C701820042004400240028001800A4
:10F26E001000080008001F003F2110080402427E13
:10F27E00040202020202010202020202060101015E
:10F28E00010101010101010101010102020202025B
:10F29E0004020202020203064930000000000B00C5
:10F2AE00010000050B0B04F60B0007050B04F6100E
:10F2BE0000090C0B02F62800090E0B02F54400099A
:10F2CE000B0B02F65A00080A0B02F7640002050B3C
:10F2DE0006F66900050E0B05F67700050E0B02F615
:10F2EE00850008070B03F68C0009090B02F89E0037
:10F2FE0004050B02FFA30009020B02FBA700030289
:10F30E000B04FFA9000B0F0B01F4C700090C0B0235
:10F31E00F5DF00080C0B02F5EB000A0C0B01F503F0
:10F32E0001090C0B02F51B01080A0B02F725010956
:10F33E000B0B03F63B01090C0B03F55301080B0BEA
:10F34E0003F65E01090C0B02F57601080C0B03F5B2
:10F35E00820104080B04F98A01060B0B02F99501D0
:10F36E000A080B02F8A5010A060B01F9B1010A08F9
:10F37E000B01F8C101070B0B04F6CC01090F0B02B0
:10F38E00F5EA010B0B0B00F600020B0B0B00F61649
:10F39E00020C0B0B01F62C020B0B0B00F642020CAF
:10F3AE000B0B00F658020C0B0B00F66E020B0B0B40
:10F3BE0001F684020C0B0B00F69A020A0B0B01F6F7
:10F3CE00B0020C0B0B00F6C6020B0B0B00F6DC02A8
:10F3DE000B0B0B00F6F2020D0B0B00F608030D0BD8
:10F3EE000B00F61E030A0B0B01F634030B0B0B007E
:10F3FE00F64A030A0E0B01F666030C0B0B00F67CA5
:10F40E00030A0B0B02F692030B0B0B01F6A8030B70
:10F41E000B0B01F6BE030B0B0B01F6D4030B0B0B00
:10F42E0001F6EA030C0B0B00F600040B0B0B01F6B6
:10F43E0016040A0B0B01F62C04070E0B04F63A0405
:10F44E00050F0B04F44904070E0B02F657040806C9
:10F45E000B03F55D040B020BFF03610403030B05A5
:10F46E00F564040A080B01F974040B0B0B00F68A01
:10F47E00040A080B01F99A040B0B0B01F6B00409F0
:10F48E00080B01F9C0040A0B0B02F6D6040B0C0B89
:10F49E0001F9EE040A0B0B01F60405090B0B01F63C
:10F4AE001A05090F0B01F638050A0B0B01F64E056E
:10F4BE00090B0B01F664050C080B00F974050B081B
:10F4CE000B01F984050A080B01F994050C0C0BFFCE
:10F4DE00F9AC050B0C0B01F9C4050A080B01F9D4A4
:10F4EE000508080B02F9DC05090B0B01F6F2050AFB
:10F4FE00080B01F902060B080B01F912060B080B9B
:10F50E0001F922060B080B01F932060C0C0B00F95F
:10F51E004A0609080B02F95A06070E0B03F668068F
:10F52E00040E0B04F67606080E0B02F6840609048A
:10F53E000B02FA000000000B00010000040B0B048C
:10F54E00F60B0005050B04F61000090C0B02F6284D
:10F55E0000080C0B03F63400090B0B02F64A0007E9
:10F56E000A0B02F7540002050B06F65900040D0BA8
:10F57E0006F66600040D0B03F6730007070B04F680
:10F58E007A0009080B02F88A0004050B02FF8F00AF
:10F59E0009010B02FB910002020B04FF9300090DFF
:10F5AE000B02F5AD00070B0B03F6B800070B0B02B1
:10F5BE00F6C300090B0B02F6D900090B0B02F6EF8E
:10F5CE0000080B0B02F6FA00090B0B02F6100108ED
:10F5DE000B0B03F61B01070B0B04F62601080B0B96
:10F5EE0003F63101080B0B03F63C0103080B04F97B
:10F5FE004401050B0B02F94F0109080B02F85F01DC
:10F60E0009040B02FA670109080B02F87701070AD1
:10F61E000B04F78101070C0B03F68D010B0A0B008F
:10F62E00F7A1010A0A0B01F7B501090A0B02F7C986
:10F63E00010A0A0B01F7DD010A0A0B01F7F1010BB2
:10F64E000A0B01F70502090A0B02F719020B0A0B46
:10F65E0001F72D02090A0B02F741020B0A0B02F702
:10F66E0055020B0A0B01F769020A0A0B01F77D021C
:10F67E000D0A0B00F791020B0A0B01F7A502090AFE
:10F68E000B02F7B9020A0A0B01F7CD02090D0B02A4
:10F69E00F7E7020A0A0B01F7FB02090A0B02F70F42
:10F6AE0003090A0B03F723030A0A0B02F737030BAE
:10F6BE000A0B02F74B030B0A0B02F75F030B0A0B45
:10F6CE0001F77303090A0B03F78703090A0B02F705
:10F6DE009B03050D0B05F6A803040E0B04F5B603EC
:10F6EE00050D0B02F6C30307050B03F6C8030B014A
:10F6FE000B0002CA0302030B05F5CD0309080B022A
:10F70E00F9DD030B0B0B00F6F3030A080B02F903EA
:10F71E0004090B0B02F6190409080B02F929040A55
:10F72E000B0B02F63F040A0B0B02F955040A0B0BE6
:10F73E0001F66B04080B0B02F67604090E0B01F6AC
:10F74E009204090B0B01F6A804080B0B02F6B30486
:10F75E000B080B00F9C30409080B01F9D3040908BF
:10F76E000B02F9E3040B0B0B00F9F9040A0B0B0265
:10F77E00F90F0509080B02F91F0508080B02F927F6
:10F78E0005070A0B02F7310509080B02F941050AB4
:10F79E00080B02F951050A080B02F961050A080B5C
:10F7AE0001F971050C0B0B00F9870508080B02F91E
:10F7BE008F05060D0B04F69C05030C0B05F7A8052B
:10F7CE00060D0B03F6B50507030B03FA0000000048
:10F7DE000B00010000030B0B04F60B0007050B02D8
:10F7EE00F61000080C0B01F61C00070E0B02F52A92
:10F7FE0000070B0B02F63500080A0B01F73F00035A
:10F80E00050B04F64400040E0B05F65200040E0B15
:10F81E0002F6600008070B02F6670008090B02F8F3
:10F82E00700003050B03FF750009020B01FB790045
:10F83E0002020B04FF7B00070F0B02F48A00070C79
:10F84E000B02F59600070B0B02F6A100080C0B013C
:10F85E00F5AD00080C0B02F5B900070A0B02F7C351
:10F86E0000090B0B01F6D900080C0B02F5E5000898
:10F87E000B0B01F6F000070C0B02F5FC00080C0B4D
:10F88E0002F5080102080B04F91001030B0B03F932
:10F89E001B0109080B01F82B0109060B01F93701B1
:10F8AE0009080B01F84701080B0B02F65201090F6C
:10F8BE000B01F570010B0B0B00F686010A0B0B0109
:10F8CE00F69C01090B0B01F6B2010A0B0B00F6C8F0
:10F8DE0001090B0B01F6DE01090B0B01F6F4010A0F
:10F8EE000B0B01F60A02090B0B01F62002060B0B9D
:10F8FE0003F62B020A0B0B01F641020A0B0B01F663
:10F90E005702090B0B01F66D020B0B0B00F683026F
:10F91E000B0B0B00F699020B0B0B00F6AF02090B4B
:10F92E000B01F6C5020B0E0B00F6E102090B0B01E3
:10F93E00F6F702090B0B01F60D03090B0B01F6236B
:10F94E00030B0B0B00F639030B0B0B00F64F030AE0
:10F95E000B0B00F665030A0B0B00F67B030A0B0B71
:10F96E0000F69103080B0B02F69C03040E0B05F632
:10F97E00AA03070F0B02F4B903040E0B02F6C7031A
:10F98E0007060B02F5CD030B020B0003D103030395
:10F99E000B03F5D40309080B01F9E4030A0B0B0062
:10F9AE00F6FA0309080B01F90A040A0B0B01F620FB
:10F9BE000409080B01F93004080B0B02F63B04098D
:10F9CE000C0B01F95304090B0B01F66904080B0B20
:10F9DE0002F67404060F0B02F68304090B0B01F6F4
:10F9EE009904080B0B02F6A4040B080B00F9B404DF
:10F9FE0009080B01F9C40409080B01F9D4040B0C16
:10FA0E000B00F9EC040B0C0B00F9040509080B01B3
:10FA1E00F9140508080B02F91C05080B0B01F62753
:10FA2E000509080B01F937050B080B00F947050B03
:10FA3E00080B00F9570509080B01F967050A0C0BAD
:10FA4E0000F97F0507080B02F98705040E0B03F674
:10FA5E009505020E0B05F6A305040E0B04F6B10573
:10FA6E0009040B01FA000000000B00010000020B5C
:10FA7E000B04F60B0006050B02F61000070C0B022A
:10FA8E00F61C00080C0B01F62800070B0B02F633D0
:10FA9E0000070A0B02F73D0003050B04F6420002B5
:10FAAE000D0B05F64F00020D0B04F65C0007070B5D
:10FABE0002F6630007070B02F86A0003050B02FF4C
:10FACE006F0009010B01FB710002020B04FF7300B2
:10FADE00070D0B02F58000070B0B02F68B00050BD2
:10FAEE000B03F69600070B0B02F6A100080B0B0199
:10FAFE00F6AC00060B0B03F6B700070B0B02F6C2B3
:10FB0E0000070B0B02F6CD00070B0B02F6D8000711
:10FB1E000B0B02F6E300070B0B02F6EE0002080BCE
:10FB2E0004F9F600030B0B03F9010108080B01F8A9
:10FB3E00090109040B01FA110109080B01F8210151
:10FB4E00070A0B02F72B01080C0B02F637010B0A02
:10FB5E000B00F74B01090A0B01F75F01090A0B01B4
:10FB6E00F77301090A0B01F78701090A0B01F79BCD
:10FB7E0001090A0B01F7AF010A0A0B01F7C30109CC
:10FB8E000A0B01F7D701050A0B03F7E101080A0B6F
:10FB9E0002F7EB01090A0B01F7FF01080A0B02F746
:10FBAE0009020B0A0B00F71D02090A0B01F73102BD
:10FBBE00090A0B01F74502080A0B01F74F02090D5E
:10FBCE000B01F76902090A0B01F77D02070A0B0206
:10FBDE00F78702090A0B01F79B02090A0B01F7AF1F
:10FBEE00020B0A0B00F7C3020B0A0B00F7D7020930
:10FBFE000A0B01F7EB02090A0B01F7FF02070A0BCA
:10FC0E0002F70903020D0B05F61603070D0B02F59D
:10FC1E002303020D0B04F6300307050B02F6350322
:10FC2E000B010B0002370303030B03F53A0309081C
:10FC3E000B01F94A03090B0B01F6600307080B02CF
:10FC4E00F96803090B0B01F67E0308080B01F98610
:10FC5E0003060B0B03F69103090B0B01F9A703091E
:10FC6E000B0B01F6BD03070A0B02F7C703050D0BBD
:10FC7E0003F7D403080B0B02F6DF03070B0B02F698
:10FC8E00EA0309080B01F9FA0309080B01F90A0442
:10FC9E0009080B01F91A04090B0B01F93004090BC1
:10FCAE000B01F9460407080B03F94E0407080B0273
:10FCBE00F95604080A0B02F7600408080B01F968EC
:10FCCE000409080B01F9780409080B01F9880409E5
:10FCDE00080B01F99804090B0B01F9AE0407080B88
:10FCEE0002F9B604030D0B04F6C304010D0B05F661
:10FCFE00D004030D0B04F6DD0407030B02FA524584
:10FD0E00515545535445442043555252454E543A4D
:10FD1E00003230206D413A2025642E257520505337
:10FD2E00490034206D413A2025642E25752050530C
:10FD3E0049005245513A2025642E2575206D4120EB
:10FD4E00200020205359532043414C49422020008B
:10FD5E005345542032302E303030206D4100544106
:10FD6E00524745543A20332E366D410020205241E1
:10FD7E004E474520534554202000534554203230E1
:10FD8E00206D41205053490020202020202020208B
:10FD9E002020202020002020484920414C41524D57
:10FDAE002020200020204C4F20414C41524D20203D
:10FDBE0020002020204D4F4E49544F52202020002D
:10FDCE00202025642E257520505349202000202008
:10FDDE002020204D454E5520202020002020204D53
:10FDEE00414E55414C2020202000494E433A205E82
:10FDFE00204445433A207600202020202044454DC3
:10FE0E004F202020200057495045523A202575207A
:10FE1E002020004441433A202575206D56202000B5
:10FE2E004144433A202575206D56202000534554F9
:10FE3E0020342E303030206D41004150504C59202E
:10FE4E003530205053490043555252454E542050A0
:10FE5E0053493A005345542034206D4120505349A4
:10FE6E0000202025642E2575206D41202000415054
:10FE7E00504C5920302050534900202025642E2507
:10FE8E00752050534900464143544F525920525306
:10FE9E0054004144433A2025752020200043415010
:10FEAE00545552453A203E004C4F4F5020464C4F31
:10FEBE004F5200414645204F46465345540041445B
:10FECE0043204C4F3A202575004E45572052414E47
:10FEDE0047453A00434F4E4649524D3A203E004464
:10FEEE0041433A20257520202000444143205641AD
:10FEFE004C55453A00202025642E2575206D410075
:10FF0E0043414E43454C3A203C00202020202020E7
:10FF1E005053490043414C494252415445005241CD
:10FF2E004E474520534554005354455020312F36EB
:10FF3E00005354455020322F360053544550203331
:10FF4E002F36005354455020342F3600535445500D
:10FF5E0020352F36005354455020362F360052454B
:10FF6E0053554C54533A0032306D413A20257500AA
:10FF7E0044504F543A202575004150504C593A2068
:10FF8E003E002020202020206D41002020342E30E5
:10FF9E00206D41004E4558543A203E00346D413A92
:10FFAE00202575004146453A202575004D4F4E4996
:10FFBE00544F52002020257520202000286E756C8D
:10FFCE006C290053504C415348004D414E55414C05
:10FFDE00003C204D454E550044454D4F00494E4680
:10FFEE00004E414E00696E66006E616E002020303C
:02FFFE00000001
:020000040030CA
:0B000000ECFFF7FF9FFF7FFFFFFFFFFB
:00000001FF
